#! /usr/bin/bash
#SBATCH --account=demo01
#SBATCH --job-name=demo_r2b6
#SBATCH --partition=normal
#SBATCH --nodes=4
#SBATCH --gpus-per-node=4
#SBATCH --time=02:00:00
#SBATCH --output=LOG.%x.%j.o
#
#=============================================================================
# ICON run script:
# first created by make_target_runscript for a demonstration machine
#=============================================================================
export ICON_THREADS=1
export FI_LOG_LEVEL=warn
export MPICH_OFI_CXI_COUNTER_REPORT=3
#
# Output is piped through a wall-clock stamping filter, which is what makes
# silence measurable. See the runhealth README.
#
  echo "Script run successfully: atmo=${finish_atmo} ocean=${finish_ocean}"
  echo "Script FAILED: srun exit status ${srun_status}"
end_of_job_script
2026-03-17T21:04:12.050: SLURM_JOB_ID=774112
2026-03-17T21:04:12.100: SLURM_JOB_NAME=demo_r2b6
2026-03-17T21:04:12.150: SLURM_JOB_NUM_NODES=4
2026-03-17T21:04:12.200: SLURM_NTASKS=32
2026-03-17T21:04:12.250: SLURM_JOB_NODELIST=nid[005000-005003]
2026-03-17T21:04:12.300: SLURM_GPUS_ON_NODE=4
2026-03-17T21:04:12.350: SLURM_CPUS_ON_NODE=288
2026-03-17T21:04:12.400: SLURMD_NODENAME=nid005000
2026-03-17T21:04:12.430:     0: Atmo compute process 0 on nid005000
2026-03-17T21:04:12.460:     1: Atmo compute process 1 on nid005000
2026-03-17T21:04:12.490:     2: Atmo compute process 2 on nid005000
2026-03-17T21:04:12.520:     3: Atmo compute process 3 on nid005000
2026-03-17T21:04:12.550:     4: Atmo compute process 4 on nid005000
2026-03-17T21:04:12.580:     5: Atmo compute process 5 on nid005000
2026-03-17T21:04:12.610:     6: Atmo compute process 6 on nid005000
2026-03-17T21:04:12.640:     7: Atmo compute process 7 on nid005000
2026-03-17T21:04:12.670:     8: Atmo compute process 0 on nid005001
2026-03-17T21:04:12.700:     9: Atmo compute process 1 on nid005001
2026-03-17T21:04:12.730:    10: Atmo compute process 2 on nid005001
2026-03-17T21:04:12.760:    11: Atmo compute process 3 on nid005001
2026-03-17T21:04:12.790:    12: Atmo compute process 4 on nid005001
2026-03-17T21:04:12.820:    13: Atmo compute process 5 on nid005001
2026-03-17T21:04:12.850:    14: Atmo compute process 6 on nid005001
2026-03-17T21:04:12.880:    15: Atmo compute process 7 on nid005001
2026-03-17T21:04:12.910:    16: Atmo compute process 0 on nid005002
2026-03-17T21:04:12.940:    17: Atmo compute process 1 on nid005002
2026-03-17T21:04:12.970:    18: Atmo compute process 2 on nid005002
2026-03-17T21:04:13.000:    19: Atmo compute process 3 on nid005002
2026-03-17T21:04:13.030:    20: Atmo compute process 4 on nid005002
2026-03-17T21:04:13.060:    21: Atmo compute process 5 on nid005002
2026-03-17T21:04:13.090:    22: Atmo compute process 6 on nid005002
2026-03-17T21:04:13.120:    23: Atmo compute process 7 on nid005002
2026-03-17T21:04:13.150:    24: Atmo compute process 0 on nid005003
2026-03-17T21:04:13.180:    25: Atmo compute process 1 on nid005003
2026-03-17T21:04:13.210:    26: Atmo compute process 2 on nid005003
2026-03-17T21:04:13.240:    27: Atmo compute process 3 on nid005003
2026-03-17T21:04:13.270:    28: Atmo compute process 4 on nid005003
2026-03-17T21:04:13.300:    29: Atmo compute process 5 on nid005003
2026-03-17T21:04:13.330:    30: Atmo compute process 6 on nid005003
2026-03-17T21:04:13.360:    31: Atmo compute process 7 on nid005003
2026-03-17T21:04:13.560:     0:  version: 2026.04
2026-03-17T21:04:13.760:     0:  revision: demo-2026.04-7-g0a1b2c3
2026-03-17T21:04:13.960:     0:  local branch: main
2026-03-17T21:04:14.160:     0:  compilers:
2026-03-17T21:04:14.360:     0:    Fortran: NVHPC 26.1.0
2026-03-17T21:04:14.460:     0:    MPI: MPI VERSION    : CRAY MPICH version 9.1.0.794 ...
2026-03-17T21:04:15.860:     0:  master_control: start model initialization.
2026-03-17T21:04:16.460:     0:  atmo runs on 32 mpi processes.
2026-03-17T21:04:16.760:     0:  set_nproma_nblocks: Using namelist nproma=       32
2026-03-17T21:04:22.760:     0:  mo_read_netcdf_distributed_base::distrib_nf_open_base: input_0.nc
2026-03-17T21:04:28.760:     0:  mo_read_netcdf_distributed_base::distrib_nf_open_base: input_1.nc
2026-03-17T21:04:34.760:     0:  mo_read_netcdf_distributed_base::distrib_nf_open_base: input_2.nc
2026-03-17T21:04:40.760:     0:  mo_read_netcdf_distributed_base::distrib_nf_open_base: input_3.nc
2026-03-17T21:04:46.760:     0:  mo_read_netcdf_distributed_base::distrib_nf_open_base: input_4.nc
2026-03-17T21:04:52.760:     0:  mo_read_netcdf_distributed_base::distrib_nf_open_base: input_5.nc
2026-03-17T21:04:52.780:     0:     WARNING PE:    0 mo_load_restart:readData: variable not found: tracer_0
2026-03-17T21:04:52.800:     1:     WARNING PE:    1 mo_load_restart:readData: variable not found: tracer_1
2026-03-17T21:04:52.820:     2:     WARNING PE:    2 mo_load_restart:readData: variable not found: tracer_2
2026-03-17T21:04:52.840:     3:     WARNING PE:    3 mo_load_restart:readData: variable not found: tracer_3
2026-03-17T21:04:52.860:     4:     WARNING PE:    4 mo_load_restart:readData: variable not found: tracer_0
2026-03-17T21:04:52.880:     5:     WARNING PE:    5 mo_load_restart:readData: variable not found: tracer_1
2026-03-17T21:04:52.900:     6:     WARNING PE:    6 mo_load_restart:readData: variable not found: tracer_2
2026-03-17T21:04:52.920:     7:     WARNING PE:    7 mo_load_restart:readData: variable not found: tracer_3
2026-03-17T21:04:52.940:     8:     WARNING PE:    8 mo_load_restart:readData: variable not found: tracer_0
2026-03-17T21:04:52.960:     9:     WARNING PE:    9 mo_load_restart:readData: variable not found: tracer_1
2026-03-17T21:04:52.980:    10:     WARNING PE:   10 mo_load_restart:readData: variable not found: tracer_2
2026-03-17T21:04:53.000:    11:     WARNING PE:   11 mo_load_restart:readData: variable not found: tracer_3
2026-03-17T21:04:53.020:    12:     WARNING PE:   12 mo_load_restart:readData: variable not found: tracer_0
2026-03-17T21:04:53.040:    13:     WARNING PE:   13 mo_load_restart:readData: variable not found: tracer_1
2026-03-17T21:04:53.060:    14:     WARNING PE:   14 mo_load_restart:readData: variable not found: tracer_2
2026-03-17T21:04:53.080:    15:     WARNING PE:   15 mo_load_restart:readData: variable not found: tracer_3
2026-03-17T21:04:53.100:    16:     WARNING PE:   16 mo_load_restart:readData: variable not found: tracer_0
2026-03-17T21:04:53.120:    17:     WARNING PE:   17 mo_load_restart:readData: variable not found: tracer_1
2026-03-17T21:04:53.140:    18:     WARNING PE:   18 mo_load_restart:readData: variable not found: tracer_2
2026-03-17T21:04:53.160:    19:     WARNING PE:   19 mo_load_restart:readData: variable not found: tracer_3
2026-03-17T21:04:53.180:    20:     WARNING PE:   20 mo_load_restart:readData: variable not found: tracer_0
2026-03-17T21:04:53.200:    21:     WARNING PE:   21 mo_load_restart:readData: variable not found: tracer_1
2026-03-17T21:04:53.220:    22:     WARNING PE:   22 mo_load_restart:readData: variable not found: tracer_2
2026-03-17T21:04:53.240:    23:     WARNING PE:   23 mo_load_restart:readData: variable not found: tracer_3
2026-03-17T21:04:53.260:    24:     WARNING PE:   24 mo_load_restart:readData: variable not found: tracer_0
2026-03-17T21:04:53.280:    25:     WARNING PE:   25 mo_load_restart:readData: variable not found: tracer_1
2026-03-17T21:04:53.300:    26:     WARNING PE:   26 mo_load_restart:readData: variable not found: tracer_2
2026-03-17T21:04:53.320:    27:     WARNING PE:   27 mo_load_restart:readData: variable not found: tracer_3
2026-03-17T21:04:53.340:    28:     WARNING PE:   28 mo_load_restart:readData: variable not found: tracer_0
2026-03-17T21:04:53.360:    29:     WARNING PE:   29 mo_load_restart:readData: variable not found: tracer_1
2026-03-17T21:04:53.380:    30:     WARNING PE:   30 mo_load_restart:readData: variable not found: tracer_2
2026-03-17T21:04:53.400:    31:     WARNING PE:   31 mo_load_restart:readData: variable not found: tracer_3
2026-03-17T21:04:56.400:     0:  Running ICON atmo in coupled mode with YAC version: v3.17.0
2026-03-17T21:05:00.400:     0:  mo_atmo_coupling_frame: Constructing the atmosphere coupling frame.
2026-03-17T21:05:18.400:     0:  mo_atmo_coupling_frame: Constructing the coupling frame atmosphere-ocean.
2026-03-17T21:05:22.400:     0:  normal exit from read_restart_files
2026-03-17T21:06:03.400:     0:  Time step:        1 model time 2020-06-01 00:00:36.000
2026-03-17T21:06:09.552:     0:  Time step:       25 model time 2020-06-01 00:15:00.000
2026-03-17T21:06:15.228:     0:  Time step:       50 model time 2020-06-01 00:30:00.000
2026-03-17T21:06:21.562:     0:  Time step:       75 model time 2020-06-01 00:45:00.000
2026-03-17T21:06:27.208:     0:  Time step:      100 model time 2020-06-01 01:00:00.000
2026-03-17T21:06:33.520:     0:  Time step:      125 model time 2020-06-01 01:15:00.000
2026-03-17T21:06:39.843:     0:  Time step:      150 model time 2020-06-01 01:30:00.000
2026-03-17T21:06:45.651:     0:  Time step:      175 model time 2020-06-01 01:45:00.000
2026-03-17T21:06:51.566:     0:  Time step:      200 model time 2020-06-01 02:00:00.000
2026-03-17T21:06:57.318:     0:  Time step:      225 model time 2020-06-01 02:15:00.000
2026-03-17T21:07:03.327:     0:  Time step:      250 model time 2020-06-01 02:30:00.000
2026-03-17T21:07:09.567:     0:  Time step:      275 model time 2020-06-01 02:45:00.000
2026-03-17T21:07:15.577:     0:  Time step:      300 model time 2020-06-01 03:00:00.000
2026-03-17T21:07:21.365:     0:  Time step:      325 model time 2020-06-01 03:15:00.000
2026-03-17T21:07:27.364:     0:  Time step:      350 model time 2020-06-01 03:30:00.000
2026-03-17T21:07:33.139:     0:  Time step:      375 model time 2020-06-01 03:45:00.000
2026-03-17T21:07:39.476:     0:  Time step:      400 model time 2020-06-01 04:00:00.000
2026-03-17T21:07:45.483:     0:  Time step:      425 model time 2020-06-01 04:15:00.000
2026-03-17T21:07:51.686:     0:  Time step:      450 model time 2020-06-01 04:30:00.000
2026-03-17T21:07:57.468:     0:  Time step:      475 model time 2020-06-01 04:45:00.000
2026-03-17T21:08:03.737:     0:  Time step:      500 model time 2020-06-01 05:00:00.000
2026-03-17T21:08:09.963:     0:  Time step:      525 model time 2020-06-01 05:15:00.000
2026-03-17T21:08:16.046:     0:  Time step:      550 model time 2020-06-01 05:30:00.000
2026-03-17T21:08:22.256:     0:  Time step:      575 model time 2020-06-01 05:45:00.000
2026-03-17T21:08:28.262:     0:  Time step:      600 model time 2020-06-01 06:00:00.000
2026-03-17T21:08:34.286:     0:  Time step:      625 model time 2020-06-01 06:15:00.000
2026-03-17T21:08:48.286:     4:  mo_name_list_output: Write output at:2020-06-01 06:15:00
2026-03-17T21:08:54.639:     0:  Time step:      650 model time 2020-06-01 06:30:00.000
2026-03-17T21:09:00.284:     0:  Time step:      675 model time 2020-06-01 06:45:00.000
2026-03-17T21:09:06.338:     0:  Time step:      700 model time 2020-06-01 07:00:00.000
2026-03-17T21:09:12.013:     0:  Time step:      725 model time 2020-06-01 07:15:00.000
2026-03-17T21:09:18.085:     0:  Time step:      750 model time 2020-06-01 07:30:00.000
2026-03-17T21:09:24.220:     0:  Time step:      775 model time 2020-06-01 07:45:00.000
2026-03-17T21:09:30.440:     0:  Time step:      800 model time 2020-06-01 08:00:00.000
2026-03-17T21:09:36.348:     0:  Time step:      825 model time 2020-06-01 08:15:00.000
2026-03-17T21:09:42.426:     0:  Time step:      850 model time 2020-06-01 08:30:00.000
2026-03-17T21:09:48.791:     0:  Time step:      875 model time 2020-06-01 08:45:00.000
2026-03-17T21:09:54.597:     0:  Time step:      900 model time 2020-06-01 09:00:00.000
2026-03-17T21:10:00.744:     0:  Time step:      925 model time 2020-06-01 09:15:00.000
2026-03-17T21:10:07.006:     0:  Time step:      950 model time 2020-06-01 09:30:00.000
2026-03-17T21:10:12.830:     0:  Time step:      975 model time 2020-06-01 09:45:00.000
2026-03-17T21:10:19.065:     0:  Time step:     1000 model time 2020-06-01 10:00:00.000
2026-03-17T21:10:24.845:     0:  Time step:     1025 model time 2020-06-01 10:15:00.000
2026-03-17T21:10:30.543:     0:  Time step:     1050 model time 2020-06-01 10:30:00.000
2026-03-17T21:10:36.876:     0:  Time step:     1075 model time 2020-06-01 10:45:00.000
2026-03-17T21:10:42.616:     0:  Time step:     1100 model time 2020-06-01 11:00:00.000
2026-03-17T21:10:48.367:     0:  Time step:     1125 model time 2020-06-01 11:15:00.000
2026-03-17T21:10:54.332:     0:  Time step:     1150 model time 2020-06-01 11:30:00.000
2026-03-17T21:10:59.971:     0:  Time step:     1175 model time 2020-06-01 11:45:00.000
2026-03-17T21:11:05.992:     0:  Time step:     1200 model time 2020-06-01 12:00:00.000
2026-03-17T21:11:11.869:     0:  Time step:     1225 model time 2020-06-01 12:15:00.000
2026-03-17T21:11:18.170:     0:  Time step:     1250 model time 2020-06-01 12:30:00.000
2026-03-17T21:11:32.170:     4:  mo_name_list_output: Write output at:2020-06-01 12:30:00
2026-03-17T21:11:38.549:     0:  Time step:     1275 model time 2020-06-01 12:45:00.000
2026-03-17T21:11:44.659:     0:  Time step:     1300 model time 2020-06-01 13:00:00.000
2026-03-17T21:11:50.699:     0:  Time step:     1325 model time 2020-06-01 13:15:00.000
2026-03-17T21:11:56.810:     0:  Time step:     1350 model time 2020-06-01 13:30:00.000
2026-03-17T21:12:02.844:     0:  Time step:     1375 model time 2020-06-01 13:45:00.000
2026-03-17T21:12:08.919:     0:  Time step:     1400 model time 2020-06-01 14:00:00.000
2026-03-17T21:12:14.977:     0:  Time step:     1425 model time 2020-06-01 14:15:00.000
2026-03-17T21:12:20.928:     0:  Time step:     1450 model time 2020-06-01 14:30:00.000
2026-03-17T21:12:26.809:     0:  Time step:     1475 model time 2020-06-01 14:45:00.000
2026-03-17T21:12:33.199:     0:  Time step:     1500 model time 2020-06-01 15:00:00.000
2026-03-17T21:12:39.441:     0:  Time step:     1525 model time 2020-06-01 15:15:00.000
2026-03-17T21:12:45.676:     0:  Time step:     1550 model time 2020-06-01 15:30:00.000
2026-03-17T21:12:51.464:     0:  Time step:     1575 model time 2020-06-01 15:45:00.000
2026-03-17T21:12:57.273:     0:  Time step:     1600 model time 2020-06-01 16:00:00.000
2026-03-17T21:13:02.891:     0:  Time step:     1625 model time 2020-06-01 16:15:00.000
2026-03-17T21:13:08.788:     0:  Time step:     1650 model time 2020-06-01 16:30:00.000
2026-03-17T21:13:14.901:     0:  Time step:     1675 model time 2020-06-01 16:45:00.000
2026-03-17T21:13:20.811:     0:  Time step:     1700 model time 2020-06-01 17:00:00.000
2026-03-17T21:13:27.146:     0:  Time step:     1725 model time 2020-06-01 17:15:00.000
2026-03-17T21:13:33.392:     0:  Time step:     1750 model time 2020-06-01 17:30:00.000
2026-03-17T21:13:39.507:     0:  Time step:     1775 model time 2020-06-01 17:45:00.000
2026-03-17T21:13:45.406:     0:  Time step:     1800 model time 2020-06-01 18:00:00.000
2026-03-17T21:13:51.662:     0:  Time step:     1825 model time 2020-06-01 18:15:00.000
2026-03-17T21:13:57.883:     0:  Time step:     1850 model time 2020-06-01 18:30:00.000
2026-03-17T21:14:03.944:     0:  Time step:     1875 model time 2020-06-01 18:45:00.000
2026-03-17T21:14:17.944:     4:  mo_name_list_output: Write output at:2020-06-01 18:45:00
2026-03-17T21:14:23.918:     0:  Time step:     1900 model time 2020-06-01 19:00:00.000
2026-03-17T21:14:29.795:     0:  Time step:     1925 model time 2020-06-01 19:15:00.000
2026-03-17T21:14:36.018:     0:  Time step:     1950 model time 2020-06-01 19:30:00.000
2026-03-17T21:14:41.624:     0:  Time step:     1975 model time 2020-06-01 19:45:00.000
2026-03-17T21:14:47.290:     0:  Time step:     2000 model time 2020-06-01 20:00:00.000
2026-03-17T21:14:53.651:     0:  Time step:     2025 model time 2020-06-01 20:15:00.000
2026-03-17T21:14:59.965:     0:  Time step:     2050 model time 2020-06-01 20:30:00.000
2026-03-17T21:15:06.124:     0:  Time step:     2075 model time 2020-06-01 20:45:00.000
2026-03-17T21:15:12.146:     0:  Time step:     2100 model time 2020-06-01 21:00:00.000
2026-03-17T21:15:17.856:     0:  Time step:     2125 model time 2020-06-01 21:15:00.000
2026-03-17T21:15:23.865:     0:  Time step:     2150 model time 2020-06-01 21:30:00.000
2026-03-17T21:15:29.974:     0:  Time step:     2175 model time 2020-06-01 21:45:00.000
2026-03-17T21:15:35.727:     0:  Time step:     2200 model time 2020-06-01 22:00:00.000
2026-03-17T21:15:42.025:     0:  Time step:     2225 model time 2020-06-01 22:15:00.000
2026-03-17T21:15:47.975:     0:  Time step:     2250 model time 2020-06-01 22:30:00.000
2026-03-17T21:15:53.857:     0:  Time step:     2275 model time 2020-06-01 22:45:00.000
2026-03-17T21:16:00.149:     0:  Time step:     2300 model time 2020-06-01 23:00:00.000
2026-03-17T21:16:05.936:     0:  Time step:     2325 model time 2020-06-01 23:15:00.000
2026-03-17T21:16:11.583:     0:  Time step:     2350 model time 2020-06-01 23:30:00.000
2026-03-17T21:16:17.440:     0:  Time step:     2375 model time 2020-06-01 23:45:00.000
2026-03-17T21:16:23.603:     0:  Time step:     2400 model time 2020-06-02 00:00:00.000
2026-03-17T21:16:29.403:     0:  Time step:     2425 model time 2020-06-02 00:15:00.000
2026-03-17T21:16:35.089:     0:  Time step:     2450 model time 2020-06-02 00:30:00.000
2026-03-17T21:16:40.981:     0:  Time step:     2475 model time 2020-06-02 00:45:00.000
2026-03-17T21:16:47.142:     0:  Time step:     2500 model time 2020-06-02 01:00:00.000
2026-03-17T21:17:01.142:     4:  mo_name_list_output: Write output at:2020-06-02 01:00:00
2026-03-17T21:17:07.011:     0:  Time step:     2525 model time 2020-06-02 01:15:00.000
2026-03-17T21:17:12.856:     0:  Time step:     2550 model time 2020-06-02 01:30:00.000
2026-03-17T21:17:19.242:     0:  Time step:     2575 model time 2020-06-02 01:45:00.000
2026-03-17T21:17:24.966:     0:  Time step:     2600 model time 2020-06-02 02:00:00.000
2026-03-17T21:17:31.136:     0:  Time step:     2625 model time 2020-06-02 02:15:00.000
2026-03-17T21:17:37.456:     0:  Time step:     2650 model time 2020-06-02 02:30:00.000
2026-03-17T21:17:43.848:     0:  Time step:     2675 model time 2020-06-02 02:45:00.000
2026-03-17T21:17:49.796:     0:  Time step:     2700 model time 2020-06-02 03:00:00.000
2026-03-17T21:17:55.465:     0:  Time step:     2725 model time 2020-06-02 03:15:00.000
2026-03-17T21:18:01.790:     0:  Time step:     2750 model time 2020-06-02 03:30:00.000
2026-03-17T21:18:07.653:     0:  Time step:     2775 model time 2020-06-02 03:45:00.000
2026-03-17T21:18:13.504:     0:  Time step:     2800 model time 2020-06-02 04:00:00.000
2026-03-17T21:18:19.455:     0:  Time step:     2825 model time 2020-06-02 04:15:00.000
2026-03-17T21:18:25.147:     0:  Time step:     2850 model time 2020-06-02 04:30:00.000
2026-03-17T21:18:31.224:     0:  Time step:     2875 model time 2020-06-02 04:45:00.000
2026-03-17T21:18:37.380:     0:  Time step:     2900 model time 2020-06-02 05:00:00.000
2026-03-17T21:18:43.485:     0:  Time step:     2925 model time 2020-06-02 05:15:00.000
2026-03-17T21:18:43.597:     6: libfabric:79069:1773778723::cxi:ep_data:cxip_fc_notify_cb():5038<warn> nid005002: TXC (0x9a46:1): dropped FC message: retry_delay_usecs=1000 retry_count=1
2026-03-17T21:18:43.664:    15: libfabric:83428:1773778723::cxi:ep_data:cxip_fc_notify_cb():9981<warn> nid005002: TXC (0x933e:1): dropped FC message: retry_delay_usecs=1000 retry_count=3
2026-03-17T21:18:43.826:     5: libfabric:87908:1773778723::cxi:ep_data:cxip_fc_notify_cb():3271<warn> nid005002: TXC (0x2345:1): dropped FC message: retry_delay_usecs=1000 retry_count=8
2026-03-17T21:18:43.973:     8: libfabric:13369:1773778723::cxi:ep_data:cxip_fc_notify_cb():7715<warn> nid005002: TXC (0x8af0:1): dropped FC message: retry_delay_usecs=1000 retry_count=3
2026-03-17T21:18:44.138:    24: libfabric:16814:1773778723::cxi:ep_data:cxip_fc_notify_cb():5107<warn> nid005002: TXC (0xcdae:1): dropped FC message: retry_delay_usecs=1000 retry_count=4
2026-03-17T21:18:44.209:     7: libfabric:22448:1773778724::cxi:ep_data:cxip_fc_notify_cb():5386<warn> nid005002: TXC (0xd011:1): dropped FC message: retry_delay_usecs=1000 retry_count=5
2026-03-17T21:18:44.507:    30: libfabric:69966:1773778724::cxi:ep_data:cxip_fc_notify_cb():4746<warn> nid005002: TXC (0x5bd3:1): dropped FC message: retry_delay_usecs=1000 retry_count=4
2026-03-17T21:18:44.630:     1: libfabric:93698:1773778724::cxi:ep_data:cxip_fc_notify_cb():1959<warn> nid005002: TXC (0x7be4:1): dropped FC message: retry_delay_usecs=1000 retry_count=8
2026-03-17T21:18:44.732:    13: libfabric:44009:1773778724::cxi:ep_data:cxip_fc_notify_cb():2339<warn> nid005002: TXC (0xa16a:1): dropped FC message: retry_delay_usecs=1000 retry_count=3
2026-03-17T21:18:45.030:     9: libfabric:67425:1773778724::cxi:ep_data:cxip_fc_notify_cb():4638<warn> nid005002: TXC (0x4d2b:1): dropped FC message: retry_delay_usecs=1000 retry_count=5
2026-03-17T21:18:45.327:    11: libfabric:65548:1773778725::cxi:ep_data:cxip_fc_notify_cb():1136<warn> nid005002: TXC (0xafe5:1): dropped FC message: retry_delay_usecs=1000 retry_count=8
2026-03-17T21:18:45.623:     2: libfabric:28317:1773778725::cxi:ep_data:cxip_fc_notify_cb():5732<warn> nid005002: TXC (0xf30e:1): dropped FC message: retry_delay_usecs=1000 retry_count=4
2026-03-17T21:18:45.881:     5: libfabric:40464:1773778725::cxi:ep_data:cxip_fc_notify_cb():6741<warn> nid005002: TXC (0x86ef:1): dropped FC message: retry_delay_usecs=1000 retry_count=4
2026-03-17T21:18:45.957:    26: libfabric:38569:1773778725::cxi:ep_data:cxip_fc_notify_cb():6888<warn> nid005002: TXC (0xcf14:1): dropped FC message: retry_delay_usecs=1000 retry_count=8
2026-03-17T21:18:46.073:    29: libfabric:44495:1773778725::cxi:ep_data:cxip_fc_notify_cb():5983<warn> nid005002: TXC (0x69c2:1): dropped FC message: retry_delay_usecs=1000 retry_count=6
2026-03-17T21:18:46.305:    20: libfabric:63808:1773778726::cxi:ep_data:cxip_fc_notify_cb():8071<warn> nid005002: TXC (0x2ac6:1): dropped FC message: retry_delay_usecs=1000 retry_count=7
2026-03-17T21:18:46.546:    31: libfabric:61673:1773778726::cxi:ep_data:cxip_fc_notify_cb():5228<warn> nid005002: TXC (0xa76c:1): dropped FC message: retry_delay_usecs=1000 retry_count=4
2026-03-17T21:18:46.830:     9: libfabric:17819:1773778726::cxi:ep_data:cxip_fc_notify_cb():4256<warn> nid005002: TXC (0xcb5f:1): dropped FC message: retry_delay_usecs=1000 retry_count=6
2026-03-17T21:18:46.945:     4: libfabric:73000:1773778726::cxi:ep_data:cxip_fc_notify_cb():5472<warn> nid005002: TXC (0xc517:1): dropped FC message: retry_delay_usecs=1000 retry_count=4
2026-03-17T21:18:47.149:     0: libfabric:30627:1773778726::cxi:ep_data:cxip_fc_notify_cb():1159<warn> nid005002: TXC (0x56fe:1): dropped FC message: retry_delay_usecs=1000 retry_count=5
2026-03-17T21:18:47.255:    24: libfabric:22377:1773778727::cxi:ep_data:cxip_fc_notify_cb():5669<warn> nid005002: TXC (0x2a97:1): dropped FC message: retry_delay_usecs=1000 retry_count=4
2026-03-17T21:18:47.537:    18: libfabric:26124:1773778727::cxi:ep_data:cxip_fc_notify_cb():1779<warn> nid005002: TXC (0x7528:1): dropped FC message: retry_delay_usecs=1000 retry_count=5
2026-03-17T21:18:47.824:    21: libfabric:33776:1773778727::cxi:ep_data:cxip_fc_notify_cb():3273<warn> nid005002: TXC (0xfa09:1): dropped FC message: retry_delay_usecs=1000 retry_count=1
2026-03-17T21:18:47.918:    11: libfabric:60928:1773778727::cxi:ep_data:cxip_fc_notify_cb():8099<warn> nid005002: TXC (0x5302:1): dropped FC message: retry_delay_usecs=1000 retry_count=6
2026-03-17T21:18:48.210:     5: libfabric:64899:1773778727::cxi:ep_data:cxip_fc_notify_cb():8737<warn> nid005002: TXC (0x2a0e:1): dropped FC message: retry_delay_usecs=1000 retry_count=3
2026-03-17T21:18:48.272:     9: libfabric:90599:1773778728::cxi:ep_data:cxip_fc_notify_cb():9267<warn> nid005002: TXC (0x88bb:1): dropped FC message: retry_delay_usecs=1000 retry_count=4
2026-03-17T21:18:48.451:    11: libfabric:41354:1773778728::cxi:ep_data:cxip_fc_notify_cb():1820<warn> nid005002: TXC (0xc274:1): dropped FC message: retry_delay_usecs=1000 retry_count=3
2026-03-17T21:18:48.633:    12: libfabric:94889:1773778728::cxi:ep_data:cxip_fc_notify_cb():4676<warn> nid005002: TXC (0x3190:1): dropped FC message: retry_delay_usecs=1000 retry_count=7
2026-03-17T21:18:48.780:    26: libfabric:30353:1773778728::cxi:ep_data:cxip_fc_notify_cb():8648<warn> nid005002: TXC (0x90e8:1): dropped FC message: retry_delay_usecs=1000 retry_count=7
2026-03-17T21:18:48.942:    24: libfabric:40429:1773778728::cxi:ep_data:cxip_fc_notify_cb():3421<warn> nid005002: TXC (0xf2b8:1): dropped FC message: retry_delay_usecs=1000 retry_count=4
2026-03-17T21:18:49.089:    27: libfabric:92792:1773778728::cxi:ep_data:cxip_fc_notify_cb():4519<warn> nid005002: TXC (0xd6d8:1): dropped FC message: retry_delay_usecs=1000 retry_count=5
2026-03-17T21:18:49.170:    28: libfabric:91735:1773778729::cxi:ep_data:cxip_fc_notify_cb():3961<warn> nid005002: TXC (0xf0f3:1): dropped FC message: retry_delay_usecs=1000 retry_count=6
2026-03-17T21:18:49.416:    17: libfabric:47114:1773778729::cxi:ep_data:cxip_fc_notify_cb():3009<warn> nid005002: TXC (0xf907:1): dropped FC message: retry_delay_usecs=1000 retry_count=8
2026-03-17T21:18:49.608:     1: libfabric:59018:1773778729::cxi:ep_data:cxip_fc_notify_cb():1589<warn> nid005002: TXC (0xb6a9:1): dropped FC message: retry_delay_usecs=1000 retry_count=8
2026-03-17T21:18:49.865:    19: libfabric:69021:1773778729::cxi:ep_data:cxip_fc_notify_cb():6860<warn> nid005002: TXC (0x2377:1): dropped FC message: retry_delay_usecs=1000 retry_count=3
2026-03-17T21:18:49.931:    10: libfabric:92385:1773778729::cxi:ep_data:cxip_fc_notify_cb():8709<warn> nid005002: TXC (0x2b6d:1): dropped FC message: retry_delay_usecs=1000 retry_count=3
2026-03-17T21:18:50.137:    29: libfabric:20975:1773778729::cxi:ep_data:cxip_fc_notify_cb():2202<warn> nid005002: TXC (0xc77b:1): dropped FC message: retry_delay_usecs=1000 retry_count=8
2026-03-17T21:18:50.333:    31: libfabric:82492:1773778730::cxi:ep_data:cxip_fc_notify_cb():8801<warn> nid005002: TXC (0x165d:1): dropped FC message: retry_delay_usecs=1000 retry_count=5
2026-03-17T21:18:50.503:    21: libfabric:48841:1773778730::cxi:ep_data:cxip_fc_notify_cb():9791<warn> nid005002: TXC (0x1ff2:1): dropped FC message: retry_delay_usecs=1000 retry_count=8
2026-03-17T21:18:50.568:    18: libfabric:80640:1773778730::cxi:ep_data:cxip_fc_notify_cb():3277<warn> nid005002: TXC (0xa2fe:1): dropped FC message: retry_delay_usecs=1000 retry_count=4
2026-03-17T21:18:50.665:    18: libfabric:65733:1773778730::cxi:ep_data:cxip_fc_notify_cb():4667<warn> nid005002: TXC (0xe6ab:1): dropped FC message: retry_delay_usecs=1000 retry_count=2
2026-03-17T21:18:50.728:     5: libfabric:90803:1773778730::cxi:ep_data:cxip_fc_notify_cb():3331<warn> nid005002: TXC (0x70f3:1): dropped FC message: retry_delay_usecs=1000 retry_count=6
2026-03-17T21:18:50.993:     8: libfabric:48893:1773778730::cxi:ep_data:cxip_fc_notify_cb():9545<warn> nid005002: TXC (0xd985:1): dropped FC message: retry_delay_usecs=1000 retry_count=6
2026-03-17T21:18:51.111:     1: libfabric:55702:1773778730::cxi:ep_data:cxip_fc_notify_cb():7441<warn> nid005002: TXC (0x910e:1): dropped FC message: retry_delay_usecs=1000 retry_count=5
2026-03-17T21:18:51.382:    23: libfabric:48417:1773778731::cxi:ep_data:cxip_fc_notify_cb():1608<warn> nid005002: TXC (0x5d20:1): dropped FC message: retry_delay_usecs=1000 retry_count=8
2026-03-17T21:18:51.523:    19: libfabric:94784:1773778731::cxi:ep_data:cxip_fc_notify_cb():6652<warn> nid005002: TXC (0xa531:1): dropped FC message: retry_delay_usecs=1000 retry_count=5
2026-03-17T21:18:51.819:    24: libfabric:63243:1773778731::cxi:ep_data:cxip_fc_notify_cb():7973<warn> nid005002: TXC (0x8fdb:1): dropped FC message: retry_delay_usecs=1000 retry_count=4
2026-03-17T21:18:52.100:    31: libfabric:20203:1773778731::cxi:ep_data:cxip_fc_notify_cb():8708<warn> nid005002: TXC (0x4786:1): dropped FC message: retry_delay_usecs=1000 retry_count=4
2026-03-17T21:18:52.395:    26: libfabric:55429:1773778732::cxi:ep_data:cxip_fc_notify_cb():7675<warn> nid005002: TXC (0x1085:1): dropped FC message: retry_delay_usecs=1000 retry_count=8
2026-03-17T21:18:52.487:    29: libfabric:75398:1773778732::cxi:ep_data:cxip_fc_notify_cb():1657<warn> nid005002: TXC (0x7dbe:1): dropped FC message: retry_delay_usecs=1000 retry_count=5
2026-03-17T21:18:52.566:    21: libfabric:96713:1773778732::cxi:ep_data:cxip_fc_notify_cb():5659<warn> nid005002: TXC (0xa8d0:1): dropped FC message: retry_delay_usecs=1000 retry_count=6
2026-03-17T21:18:52.692:    14: libfabric:99492:1773778732::cxi:ep_data:cxip_fc_notify_cb():2788<warn> nid005002: TXC (0x6362:1): dropped FC message: retry_delay_usecs=1000 retry_count=7
2026-03-17T21:18:52.992:    27: libfabric:94417:1773778732::cxi:ep_data:cxip_fc_notify_cb():1464<warn> nid005002: TXC (0x4cba:1): dropped FC message: retry_delay_usecs=1000 retry_count=2
2026-03-17T21:18:53.087:     7: libfabric:47554:1773778732::cxi:ep_data:cxip_fc_notify_cb():4801<warn> nid005002: TXC (0xab23:1): dropped FC message: retry_delay_usecs=1000 retry_count=7
2026-03-17T21:18:53.271:     3: libfabric:87471:1773778733::cxi:ep_data:cxip_fc_notify_cb():8225<warn> nid005002: TXC (0x166e:1): dropped FC message: retry_delay_usecs=1000 retry_count=4
2026-03-17T21:18:53.446:     7: libfabric:79089:1773778733::cxi:ep_data:cxip_fc_notify_cb():7898<warn> nid005002: TXC (0x1d4a:1): dropped FC message: retry_delay_usecs=1000 retry_count=6
2026-03-17T21:18:53.694:     3: libfabric:84269:1773778733::cxi:ep_data:cxip_fc_notify_cb():4361<warn> nid005002: TXC (0x896b:1): dropped FC message: retry_delay_usecs=1000 retry_count=3
2026-03-17T21:18:53.936:     1: libfabric:84789:1773778733::cxi:ep_data:cxip_fc_notify_cb():5894<warn> nid005002: TXC (0x20ed:1): dropped FC message: retry_delay_usecs=1000 retry_count=7
2026-03-17T21:18:54.174:    11: libfabric:84498:1773778733::cxi:ep_data:cxip_fc_notify_cb():3949<warn> nid005002: TXC (0xad42:1): dropped FC message: retry_delay_usecs=1000 retry_count=2
2026-03-17T21:18:54.369:     8: libfabric:81358:1773778734::cxi:ep_data:cxip_fc_notify_cb():9563<warn> nid005002: TXC (0x93c2:1): dropped FC message: retry_delay_usecs=1000 retry_count=2
2026-03-17T21:18:54.528:    28: libfabric:62701:1773778734::cxi:ep_data:cxip_fc_notify_cb():7718<warn> nid005002: TXC (0x6946:1): dropped FC message: retry_delay_usecs=1000 retry_count=1
2026-03-17T21:18:54.708:     1: libfabric:88813:1773778734::cxi:ep_data:cxip_fc_notify_cb():2658<warn> nid005002: TXC (0xa733:1): dropped FC message: retry_delay_usecs=1000 retry_count=1
2026-03-17T21:18:54.969:    21: libfabric:54851:1773778734::cxi:ep_data:cxip_fc_notify_cb():7279<warn> nid005002: TXC (0x648b:1): dropped FC message: retry_delay_usecs=1000 retry_count=2
2026-03-17T21:18:55.051:    15: libfabric:40016:1773778734::cxi:ep_data:cxip_fc_notify_cb():1825<warn> nid005002: TXC (0x2b4f:1): dropped FC message: retry_delay_usecs=1000 retry_count=7
2026-03-17T21:18:55.232:    29: libfabric:19637:1773778735::cxi:ep_data:cxip_fc_notify_cb():2042<warn> nid005002: TXC (0x7f2a:1): dropped FC message: retry_delay_usecs=1000 retry_count=8
2026-03-17T21:18:55.519:    26: libfabric:73875:1773778735::cxi:ep_data:cxip_fc_notify_cb():2360<warn> nid005002: TXC (0xf788:1): dropped FC message: retry_delay_usecs=1000 retry_count=5
2026-03-17T21:18:55.739:    13: libfabric:62848:1773778735::cxi:ep_data:cxip_fc_notify_cb():2153<warn> nid005002: TXC (0x9421:1): dropped FC message: retry_delay_usecs=1000 retry_count=6
2026-03-17T21:18:56.019:    22: libfabric:50545:1773778735::cxi:ep_data:cxip_fc_notify_cb():2579<warn> nid005002: TXC (0x489a:1): dropped FC message: retry_delay_usecs=1000 retry_count=8
2026-03-17T21:18:56.142:     7: libfabric:84043:1773778736::cxi:ep_data:cxip_fc_notify_cb():5527<warn> nid005002: TXC (0x967f:1): dropped FC message: retry_delay_usecs=1000 retry_count=1
2026-03-17T21:18:56.212:    20: libfabric:77662:1773778736::cxi:ep_data:cxip_fc_notify_cb():8615<warn> nid005002: TXC (0x803b:1): dropped FC message: retry_delay_usecs=1000 retry_count=2
2026-03-17T21:18:56.311:    12: libfabric:23944:1773778736::cxi:ep_data:cxip_fc_notify_cb():1551<warn> nid005002: TXC (0x105a:1): dropped FC message: retry_delay_usecs=1000 retry_count=8
2026-03-17T21:18:56.364:     9: libfabric:38004:1773778736::cxi:ep_data:cxip_fc_notify_cb():8659<warn> nid005002: TXC (0x940e:1): dropped FC message: retry_delay_usecs=1000 retry_count=3
2026-03-17T21:18:56.621:    12: libfabric:95913:1773778736::cxi:ep_data:cxip_fc_notify_cb():9552<warn> nid005002: TXC (0xfa50:1): dropped FC message: retry_delay_usecs=1000 retry_count=8
2026-03-17T21:18:56.788:    26: libfabric:59757:1773778736::cxi:ep_data:cxip_fc_notify_cb():3240<warn> nid005002: TXC (0xd661:1): dropped FC message: retry_delay_usecs=1000 retry_count=1
2026-03-17T21:18:56.995:    19: libfabric:34726:1773778736::cxi:ep_data:cxip_fc_notify_cb():6689<warn> nid005002: TXC (0xa932:1): dropped FC message: retry_delay_usecs=1000 retry_count=7
2026-03-17T21:18:57.089:    21: libfabric:55992:1773778736::cxi:ep_data:cxip_fc_notify_cb():7895<warn> nid005002: TXC (0xcbba:1): dropped FC message: retry_delay_usecs=1000 retry_count=3
2026-03-17T21:18:57.362:     7: libfabric:57592:1773778737::cxi:ep_data:cxip_fc_notify_cb():9480<warn> nid005002: TXC (0x70ad:1): dropped FC message: retry_delay_usecs=1000 retry_count=3
2026-03-17T21:18:57.606:    19: libfabric:66405:1773778737::cxi:ep_data:cxip_fc_notify_cb():6035<warn> nid005002: TXC (0xd9ae:1): dropped FC message: retry_delay_usecs=1000 retry_count=1
2026-03-17T21:18:57.803:    13: libfabric:10420:1773778737::cxi:ep_data:cxip_fc_notify_cb():8410<warn> nid005002: TXC (0x287b:1): dropped FC message: retry_delay_usecs=1000 retry_count=4
2026-03-17T21:18:57.905:    29: libfabric:81913:1773778737::cxi:ep_data:cxip_fc_notify_cb():4868<warn> nid005002: TXC (0xf3ca:1): dropped FC message: retry_delay_usecs=1000 retry_count=5
2026-03-17T21:18:58.202:     7: libfabric:93787:1773778737::cxi:ep_data:cxip_fc_notify_cb():6694<warn> nid005002: TXC (0xb77f:1): dropped FC message: retry_delay_usecs=1000 retry_count=2
2026-03-17T21:18:58.343:    17: libfabric:70046:1773778738::cxi:ep_data:cxip_fc_notify_cb():3320<warn> nid005002: TXC (0xfe69:1): dropped FC message: retry_delay_usecs=1000 retry_count=4
2026-03-17T21:18:58.465:    11: libfabric:84745:1773778738::cxi:ep_data:cxip_fc_notify_cb():9394<warn> nid005002: TXC (0x2c73:1): dropped FC message: retry_delay_usecs=1000 retry_count=8
2026-03-17T21:18:58.524:     4: libfabric:94738:1773778738::cxi:ep_data:cxip_fc_notify_cb():6475<warn> nid005002: TXC (0x99ff:1): dropped FC message: retry_delay_usecs=1000 retry_count=6
2026-03-17T21:18:58.610:    24: libfabric:14103:1773778738::cxi:ep_data:cxip_fc_notify_cb():8203<warn> nid005002: TXC (0x21d3:1): dropped FC message: retry_delay_usecs=1000 retry_count=1
2026-03-17T21:18:58.884:     3: libfabric:96878:1773778738::cxi:ep_data:cxip_fc_notify_cb():8491<warn> nid005002: TXC (0xa01d:1): dropped FC message: retry_delay_usecs=1000 retry_count=1
2026-03-17T21:18:58.944:     2: libfabric:89072:1773778738::cxi:ep_data:cxip_fc_notify_cb():2810<warn> nid005002: TXC (0xb25c:1): dropped FC message: retry_delay_usecs=1000 retry_count=7
2026-03-17T21:18:59.091:     3: libfabric:52091:1773778738::cxi:ep_data:cxip_fc_notify_cb():7247<warn> nid005002: TXC (0xc2c4:1): dropped FC message: retry_delay_usecs=1000 retry_count=1
2026-03-17T21:18:59.212:    26: libfabric:44700:1773778739::cxi:ep_data:cxip_fc_notify_cb():7590<warn> nid005002: TXC (0x5cd0:1): dropped FC message: retry_delay_usecs=1000 retry_count=8
2026-03-17T21:18:59.422:    29: libfabric:64763:1773778739::cxi:ep_data:cxip_fc_notify_cb():3166<warn> nid005002: TXC (0xb2dd:1): dropped FC message: retry_delay_usecs=1000 retry_count=6
2026-03-17T21:18:59.557:    31: libfabric:47749:1773778739::cxi:ep_data:cxip_fc_notify_cb():1600<warn> nid005002: TXC (0x930e:1): dropped FC message: retry_delay_usecs=1000 retry_count=6
2026-03-17T21:18:59.854:    16: libfabric:82034:1773778739::cxi:ep_data:cxip_fc_notify_cb():2794<warn> nid005002: TXC (0x6dc9:1): dropped FC message: retry_delay_usecs=1000 retry_count=8
2026-03-17T21:18:59.985:     7: libfabric:28259:1773778739::cxi:ep_data:cxip_fc_notify_cb():5355<warn> nid005002: TXC (0x79d8:1): dropped FC message: retry_delay_usecs=1000 retry_count=4
2026-03-17T21:19:00.153:    21: libfabric:10062:1773778739::cxi:ep_data:cxip_fc_notify_cb():6760<warn> nid005002: TXC (0xf053:1): dropped FC message: retry_delay_usecs=1000 retry_count=3
2026-03-17T21:19:00.439:     0: libfabric:41805:1773778740::cxi:ep_data:cxip_fc_notify_cb():9982<warn> nid005002: TXC (0xe036:1): dropped FC message: retry_delay_usecs=1000 retry_count=8
2026-03-17T21:19:00.723:    24: libfabric:23570:1773778740::cxi:ep_data:cxip_fc_notify_cb():9048<warn> nid005002: TXC (0x7813:1): dropped FC message: retry_delay_usecs=1000 retry_count=5
2026-03-17T21:19:01.012:     5: libfabric:68652:1773778740::cxi:ep_data:cxip_fc_notify_cb():9013<warn> nid005002: TXC (0x342a:1): dropped FC message: retry_delay_usecs=1000 retry_count=8
2026-03-17T21:19:01.170:    16: libfabric:37958:1773778741::cxi:ep_data:cxip_fc_notify_cb():4336<warn> nid005002: TXC (0x793f:1): dropped FC message: retry_delay_usecs=1000 retry_count=7
2026-03-17T21:19:01.308:     8: libfabric:77909:1773778741::cxi:ep_data:cxip_fc_notify_cb():1597<warn> nid005002: TXC (0x1fa6:1): dropped FC message: retry_delay_usecs=1000 retry_count=8
2026-03-17T21:19:01.577:    14: libfabric:43504:1773778741::cxi:ep_data:cxip_fc_notify_cb():1381<warn> nid005002: TXC (0x4cec:1): dropped FC message: retry_delay_usecs=1000 retry_count=8
2026-03-17T21:19:01.736:    14: libfabric:44791:1773778741::cxi:ep_data:cxip_fc_notify_cb():4397<warn> nid005002: TXC (0xc1d8:1): dropped FC message: retry_delay_usecs=1000 retry_count=2
2026-03-17T21:19:01.895:     9: libfabric:10530:1773778741::cxi:ep_data:cxip_fc_notify_cb():4078<warn> nid005002: TXC (0xcbb6:1): dropped FC message: retry_delay_usecs=1000 retry_count=7
2026-03-17T21:19:02.141:    10: libfabric:65562:1773778741::cxi:ep_data:cxip_fc_notify_cb():5636<warn> nid005002: TXC (0xe66a:1): dropped FC message: retry_delay_usecs=1000 retry_count=6
2026-03-17T21:19:02.193:     4: libfabric:31258:1773778742::cxi:ep_data:cxip_fc_notify_cb():7456<warn> nid005002: TXC (0xf3e9:1): dropped FC message: retry_delay_usecs=1000 retry_count=8
2026-03-17T21:19:02.457:    18: libfabric:27239:1773778742::cxi:ep_data:cxip_fc_notify_cb():8116<warn> nid005002: TXC (0x83e1:1): dropped FC message: retry_delay_usecs=1000 retry_count=5
2026-03-17T21:19:02.538:    21: libfabric:56738:1773778742::cxi:ep_data:cxip_fc_notify_cb():4827<warn> nid005002: TXC (0x6791:1): dropped FC message: retry_delay_usecs=1000 retry_count=6
2026-03-17T21:19:02.700:    31: libfabric:68650:1773778742::cxi:ep_data:cxip_fc_notify_cb():8250<warn> nid005002: TXC (0xccb8:1): dropped FC message: retry_delay_usecs=1000 retry_count=4
2026-03-17T21:19:02.796:    12: libfabric:94478:1773778742::cxi:ep_data:cxip_fc_notify_cb():7081<warn> nid005002: TXC (0xb029:1): dropped FC message: retry_delay_usecs=1000 retry_count=3
2026-03-17T21:19:03.087:    16: libfabric:25357:1773778742::cxi:ep_data:cxip_fc_notify_cb():7971<warn> nid005002: TXC (0xf49f:1): dropped FC message: retry_delay_usecs=1000 retry_count=4
2026-03-17T21:19:03.219:    24: libfabric:42978:1773778743::cxi:ep_data:cxip_fc_notify_cb():8818<warn> nid005002: TXC (0x6ada:1): dropped FC message: retry_delay_usecs=1000 retry_count=5
2026-03-17T21:19:03.332:    12: libfabric:41263:1773778743::cxi:ep_data:cxip_fc_notify_cb():7289<warn> nid005002: TXC (0xfef3:1): dropped FC message: retry_delay_usecs=1000 retry_count=1
2026-03-17T21:19:03.531:    23: libfabric:22816:1773778743::cxi:ep_data:cxip_fc_notify_cb():3678<warn> nid005002: TXC (0x1f2a:1): dropped FC message: retry_delay_usecs=1000 retry_count=6
2026-03-17T21:19:03.737:     8: libfabric:37981:1773778743::cxi:ep_data:cxip_fc_notify_cb():9576<warn> nid005002: TXC (0x6ca5:1): dropped FC message: retry_delay_usecs=1000 retry_count=1
2026-03-17T21:19:03.818:    25: libfabric:87825:1773778743::cxi:ep_data:cxip_fc_notify_cb():9212<warn> nid005002: TXC (0x4899:1): dropped FC message: retry_delay_usecs=1000 retry_count=7
2026-03-17T21:19:03.940:     2: libfabric:70139:1773778743::cxi:ep_data:cxip_fc_notify_cb():3537<warn> nid005002: TXC (0xedd2:1): dropped FC message: retry_delay_usecs=1000 retry_count=5
2026-03-17T21:19:03.995:     5: libfabric:85239:1773778743::cxi:ep_data:cxip_fc_notify_cb():9241<warn> nid005002: TXC (0xa7e6:1): dropped FC message: retry_delay_usecs=1000 retry_count=6
2026-03-17T21:19:04.226:     6: libfabric:99310:1773778743::cxi:ep_data:cxip_fc_notify_cb():2921<warn> nid005002: TXC (0xcfd2:1): dropped FC message: retry_delay_usecs=1000 retry_count=1
2026-03-17T21:19:04.440:    31: libfabric:54202:1773778744::cxi:ep_data:cxip_fc_notify_cb():5975<warn> nid005002: TXC (0xb5a2:1): dropped FC message: retry_delay_usecs=1000 retry_count=3
2026-03-17T21:19:04.515:    15: libfabric:99604:1773778744::cxi:ep_data:cxip_fc_notify_cb():3061<warn> nid005002: TXC (0xa334:1): dropped FC message: retry_delay_usecs=1000 retry_count=2
2026-03-17T21:19:04.595:    31: libfabric:97387:1773778744::cxi:ep_data:cxip_fc_notify_cb():3905<warn> nid005002: TXC (0x7ba5:1): dropped FC message: retry_delay_usecs=1000 retry_count=2
2026-03-17T21:19:04.648:     9: libfabric:96148:1773778744::cxi:ep_data:cxip_fc_notify_cb():7329<warn> nid005002: TXC (0x2345:1): dropped FC message: retry_delay_usecs=1000 retry_count=1
2026-03-17T21:19:04.920:    26: libfabric:65251:1773778744::cxi:ep_data:cxip_fc_notify_cb():2956<warn> nid005002: TXC (0xde84:1): dropped FC message: retry_delay_usecs=1000 retry_count=5
2026-03-17T21:19:05.069:    17: libfabric:25382:1773778744::cxi:ep_data:cxip_fc_notify_cb():5932<warn> nid005002: TXC (0x7b16:1): dropped FC message: retry_delay_usecs=1000 retry_count=3
2026-03-17T21:19:05.246:    26: libfabric:47780:1773778745::cxi:ep_data:cxip_fc_notify_cb():5983<warn> nid005002: TXC (0xb74f:1): dropped FC message: retry_delay_usecs=1000 retry_count=3
2026-03-17T21:19:05.439:     2: libfabric:94773:1773778745::cxi:ep_data:cxip_fc_notify_cb():6368<warn> nid005002: TXC (0xd33b:1): dropped FC message: retry_delay_usecs=1000 retry_count=8
2026-03-17T21:19:05.613:    31: libfabric:71737:1773778745::cxi:ep_data:cxip_fc_notify_cb():7492<warn> nid005002: TXC (0x7d70:1): dropped FC message: retry_delay_usecs=1000 retry_count=1
2026-03-17T21:19:05.721:    21: libfabric:25973:1773778745::cxi:ep_data:cxip_fc_notify_cb():3920<warn> nid005002: TXC (0x2810:1): dropped FC message: retry_delay_usecs=1000 retry_count=6
2026-03-17T21:19:05.975:     2: libfabric:63781:1773778745::cxi:ep_data:cxip_fc_notify_cb():2097<warn> nid005002: TXC (0x3863:1): dropped FC message: retry_delay_usecs=1000 retry_count=5
2026-03-17T21:19:06.274:     9: libfabric:95740:1773778745::cxi:ep_data:cxip_fc_notify_cb():3788<warn> nid005002: TXC (0x25da:1): dropped FC message: retry_delay_usecs=1000 retry_count=6
2026-03-17T21:19:06.476:     4: libfabric:40963:1773778746::cxi:ep_data:cxip_fc_notify_cb():7908<warn> nid005002: TXC (0x39c0:1): dropped FC message: retry_delay_usecs=1000 retry_count=6
2026-03-17T21:19:06.654:    27: libfabric:13522:1773778746::cxi:ep_data:cxip_fc_notify_cb():2249<warn> nid005002: TXC (0x2651:1): dropped FC message: retry_delay_usecs=1000 retry_count=4
2026-03-17T21:19:06.877:    16: libfabric:48847:1773778746::cxi:ep_data:cxip_fc_notify_cb():4836<warn> nid005002: TXC (0x5ab7:1): dropped FC message: retry_delay_usecs=1000 retry_count=4
2026-03-17T21:19:07.111:    27: libfabric:59505:1773778746::cxi:ep_data:cxip_fc_notify_cb():7387<warn> nid005002: TXC (0xb85b:1): dropped FC message: retry_delay_usecs=1000 retry_count=7
2026-03-17T21:19:07.264:     3: libfabric:85468:1773778747::cxi:ep_data:cxip_fc_notify_cb():3020<warn> nid005002: TXC (0x7ea8:1): dropped FC message: retry_delay_usecs=1000 retry_count=6
2026-03-17T21:19:07.556:    28: libfabric:83713:1773778747::cxi:ep_data:cxip_fc_notify_cb():7652<warn> nid005002: TXC (0x2467:1): dropped FC message: retry_delay_usecs=1000 retry_count=8
2026-03-17T21:19:07.619:     2: libfabric:80995:1773778747::cxi:ep_data:cxip_fc_notify_cb():2030<warn> nid005002: TXC (0x1c63:1): dropped FC message: retry_delay_usecs=1000 retry_count=7
2026-03-17T21:19:07.873:    20: libfabric:53421:1773778747::cxi:ep_data:cxip_fc_notify_cb():9421<warn> nid005002: TXC (0xd163:1): dropped FC message: retry_delay_usecs=1000 retry_count=8
2026-03-17T21:19:07.924:    23: libfabric:27436:1773778747::cxi:ep_data:cxip_fc_notify_cb():5894<warn> nid005002: TXC (0x8c3b:1): dropped FC message: retry_delay_usecs=1000 retry_count=8
2026-03-17T21:19:08.121:     0: libfabric:25335:1773778747::cxi:ep_data:cxip_fc_notify_cb():9069<warn> nid005002: TXC (0x4679:1): dropped FC message: retry_delay_usecs=1000 retry_count=1
2026-03-17T21:19:08.174:    24: libfabric:75706:1773778748::cxi:ep_data:cxip_fc_notify_cb():2669<warn> nid005002: TXC (0x9244:1): dropped FC message: retry_delay_usecs=1000 retry_count=4
2026-03-17T21:19:08.447:    11: libfabric:34323:1773778748::cxi:ep_data:cxip_fc_notify_cb():5699<warn> nid005002: TXC (0x80b8:1): dropped FC message: retry_delay_usecs=1000 retry_count=8
2026-03-17T21:19:08.550:    26: libfabric:60269:1773778748::cxi:ep_data:cxip_fc_notify_cb():9778<warn> nid005002: TXC (0x387e:1): dropped FC message: retry_delay_usecs=1000 retry_count=5
2026-03-17T21:19:08.683:     2: libfabric:22244:1773778748::cxi:ep_data:cxip_fc_notify_cb():7501<warn> nid005002: TXC (0x4151:1): dropped FC message: retry_delay_usecs=1000 retry_count=7
2026-03-17T21:19:08.839:    10: libfabric:19793:1773778748::cxi:ep_data:cxip_fc_notify_cb():6293<warn> nid005002: TXC (0xebd5:1): dropped FC message: retry_delay_usecs=1000 retry_count=8
2026-03-17T21:19:09.114:    10: libfabric:15209:1773778748::cxi:ep_data:cxip_fc_notify_cb():9127<warn> nid005002: TXC (0x493f:1): dropped FC message: retry_delay_usecs=1000 retry_count=8
2026-03-17T21:19:09.397:    30: libfabric:73651:1773778749::cxi:ep_data:cxip_fc_notify_cb():6356<warn> nid005002: TXC (0xe80f:1): dropped FC message: retry_delay_usecs=1000 retry_count=7
2026-03-17T21:19:09.468:    12: libfabric:46330:1773778749::cxi:ep_data:cxip_fc_notify_cb():2345<warn> nid005002: TXC (0xdcf3:1): dropped FC message: retry_delay_usecs=1000 retry_count=7
2026-03-17T21:19:09.575:     6: libfabric:87866:1773778749::cxi:ep_data:cxip_fc_notify_cb():7207<warn> nid005002: TXC (0x81f9:1): dropped FC message: retry_delay_usecs=1000 retry_count=5
2026-03-17T21:19:09.796:    15: libfabric:63219:1773778749::cxi:ep_data:cxip_fc_notify_cb():7206<warn> nid005002: TXC (0xb62f:1): dropped FC message: retry_delay_usecs=1000 retry_count=4
2026-03-17T21:19:10.057:    31: libfabric:19251:1773778749::cxi:ep_data:cxip_fc_notify_cb():3047<warn> nid005002: TXC (0xae65:1): dropped FC message: retry_delay_usecs=1000 retry_count=6
2026-03-17T21:19:10.211:     5: libfabric:36816:1773778750::cxi:ep_data:cxip_fc_notify_cb():1263<warn> nid005002: TXC (0xb965:1): dropped FC message: retry_delay_usecs=1000 retry_count=6
2026-03-17T21:19:10.419:    10: libfabric:48727:1773778750::cxi:ep_data:cxip_fc_notify_cb():3715<warn> nid005002: TXC (0x807f:1): dropped FC message: retry_delay_usecs=1000 retry_count=2
2026-03-17T21:19:10.647:    28: libfabric:89701:1773778750::cxi:ep_data:cxip_fc_notify_cb():1517<warn> nid005002: TXC (0xa5cf:1): dropped FC message: retry_delay_usecs=1000 retry_count=6
2026-03-17T21:19:10.699:    31: libfabric:36094:1773778750::cxi:ep_data:cxip_fc_notify_cb():8862<warn> nid005002: TXC (0x18dc:1): dropped FC message: retry_delay_usecs=1000 retry_count=2
2026-03-17T21:19:10.976:    25: libfabric:29631:1773778750::cxi:ep_data:cxip_fc_notify_cb():9818<warn> nid005002: TXC (0xed5b:1): dropped FC message: retry_delay_usecs=1000 retry_count=4
2026-03-17T21:19:11.068:    21: libfabric:10907:1773778750::cxi:ep_data:cxip_fc_notify_cb():9477<warn> nid005002: TXC (0x2da5:1): dropped FC message: retry_delay_usecs=1000 retry_count=4
2026-03-17T21:19:11.317:    15: libfabric:16570:1773778751::cxi:ep_data:cxip_fc_notify_cb():5901<warn> nid005002: TXC (0x9c3e:1): dropped FC message: retry_delay_usecs=1000 retry_count=1
2026-03-17T21:19:11.478:    26: libfabric:30353:1773778751::cxi:ep_data:cxip_fc_notify_cb():6853<warn> nid005002: TXC (0x2069:1): dropped FC message: retry_delay_usecs=1000 retry_count=8
2026-03-17T21:19:11.611:    31: libfabric:68905:1773778751::cxi:ep_data:cxip_fc_notify_cb():4912<warn> nid005002: TXC (0xeac0:1): dropped FC message: retry_delay_usecs=1000 retry_count=4
2026-03-17T21:19:11.810:     1: libfabric:99946:1773778751::cxi:ep_data:cxip_fc_notify_cb():7028<warn> nid005002: TXC (0xd83a:1): dropped FC message: retry_delay_usecs=1000 retry_count=4
2026-03-17T21:19:11.861:    13: libfabric:47440:1773778751::cxi:ep_data:cxip_fc_notify_cb():9907<warn> nid005002: TXC (0xf009:1): dropped FC message: retry_delay_usecs=1000 retry_count=4
2026-03-17T21:19:11.968:    22: libfabric:91734:1773778751::cxi:ep_data:cxip_fc_notify_cb():7691<warn> nid005002: TXC (0x4058:1): dropped FC message: retry_delay_usecs=1000 retry_count=6
2026-03-17T21:19:12.055:     2: libfabric:41175:1773778751::cxi:ep_data:cxip_fc_notify_cb():6889<warn> nid005002: TXC (0xa6e4:1): dropped FC message: retry_delay_usecs=1000 retry_count=2
2026-03-17T21:19:12.112:     6: libfabric:66990:1773778752::cxi:ep_data:cxip_fc_notify_cb():6599<warn> nid005002: TXC (0x64fb:1): dropped FC message: retry_delay_usecs=1000 retry_count=6
2026-03-17T21:19:12.354:    29: libfabric:14400:1773778752::cxi:ep_data:cxip_fc_notify_cb():8705<warn> nid005002: TXC (0xfaea:1): dropped FC message: retry_delay_usecs=1000 retry_count=4
2026-03-17T21:19:12.602:     8: libfabric:63195:1773778752::cxi:ep_data:cxip_fc_notify_cb():8843<warn> nid005002: TXC (0x8041:1): dropped FC message: retry_delay_usecs=1000 retry_count=6
2026-03-17T21:19:12.848:     4: libfabric:93315:1773778752::cxi:ep_data:cxip_fc_notify_cb():4523<warn> nid005002: TXC (0x180f:1): dropped FC message: retry_delay_usecs=1000 retry_count=2
2026-03-17T21:19:12.929:    29: libfabric:69893:1773778752::cxi:ep_data:cxip_fc_notify_cb():8825<warn> nid005002: TXC (0x28f7:1): dropped FC message: retry_delay_usecs=1000 retry_count=8
2026-03-17T21:19:13.155:    14: libfabric:38531:1773778752::cxi:ep_data:cxip_fc_notify_cb():7399<warn> nid005002: TXC (0x8d1c:1): dropped FC message: retry_delay_usecs=1000 retry_count=6
2026-03-17T21:19:13.245:     7: libfabric:17534:1773778753::cxi:ep_data:cxip_fc_notify_cb():2557<warn> nid005002: TXC (0x2e63:1): dropped FC message: retry_delay_usecs=1000 retry_count=6
2026-03-17T21:19:13.323:    22: libfabric:48444:1773778753::cxi:ep_data:cxip_fc_notify_cb():1438<warn> nid005002: TXC (0xec83:1): dropped FC message: retry_delay_usecs=1000 retry_count=7
2026-03-17T21:19:13.448:    14: libfabric:32214:1773778753::cxi:ep_data:cxip_fc_notify_cb():5758<warn> nid005002: TXC (0xf3f5:1): dropped FC message: retry_delay_usecs=1000 retry_count=6
2026-03-17T21:19:13.600:     6: libfabric:36153:1773778753::cxi:ep_data:cxip_fc_notify_cb():1118<warn> nid005002: TXC (0xae50:1): dropped FC message: retry_delay_usecs=1000 retry_count=1
2026-03-17T21:19:13.899:    20: libfabric:23709:1773778753::cxi:ep_data:cxip_fc_notify_cb():8696<warn> nid005002: TXC (0x26c1:1): dropped FC message: retry_delay_usecs=1000 retry_count=4
2026-03-17T21:19:14.134:     4: libfabric:83269:1773778753::cxi:ep_data:cxip_fc_notify_cb():5003<warn> nid005002: TXC (0xbc22:1): dropped FC message: retry_delay_usecs=1000 retry_count=6
2026-03-17T21:19:14.185:     9: libfabric:65414:1773778754::cxi:ep_data:cxip_fc_notify_cb():7219<warn> nid005002: TXC (0xd9d9:1): dropped FC message: retry_delay_usecs=1000 retry_count=6
2026-03-17T21:19:14.401:    11: libfabric:88499:1773778754::cxi:ep_data:cxip_fc_notify_cb():7503<warn> nid005002: TXC (0x4f01:1): dropped FC message: retry_delay_usecs=1000 retry_count=7
2026-03-17T21:19:14.536:    31: libfabric:32629:1773778754::cxi:ep_data:cxip_fc_notify_cb():3771<warn> nid005002: TXC (0x500c:1): dropped FC message: retry_delay_usecs=1000 retry_count=5
2026-03-17T21:19:14.619:     6: libfabric:95118:1773778754::cxi:ep_data:cxip_fc_notify_cb():8692<warn> nid005002: TXC (0x2850:1): dropped FC message: retry_delay_usecs=1000 retry_count=2
2026-03-17T21:19:14.869:     5: libfabric:80168:1773778754::cxi:ep_data:cxip_fc_notify_cb():7822<warn> nid005002: TXC (0x6b26:1): dropped FC message: retry_delay_usecs=1000 retry_count=3
2026-03-17T21:19:15.078:    20: libfabric:34652:1773778754::cxi:ep_data:cxip_fc_notify_cb():1561<warn> nid005002: TXC (0x4aa5:1): dropped FC message: retry_delay_usecs=1000 retry_count=7
2026-03-17T21:19:15.323:    15: libfabric:93473:1773778755::cxi:ep_data:cxip_fc_notify_cb():5240<warn> nid005002: TXC (0xf4c7:1): dropped FC message: retry_delay_usecs=1000 retry_count=2
2026-03-17T21:19:15.486:    21: libfabric:40393:1773778755::cxi:ep_data:cxip_fc_notify_cb():2792<warn> nid005002: TXC (0xf9b5:1): dropped FC message: retry_delay_usecs=1000 retry_count=2
2026-03-17T21:19:15.679:     8: libfabric:20637:1773778755::cxi:ep_data:cxip_fc_notify_cb():2089<warn> nid005002: TXC (0xdf4f:1): dropped FC message: retry_delay_usecs=1000 retry_count=2
2026-03-17T21:19:15.746:    16: libfabric:49251:1773778755::cxi:ep_data:cxip_fc_notify_cb():7070<warn> nid005002: TXC (0x308e:1): dropped FC message: retry_delay_usecs=1000 retry_count=5
2026-03-17T21:19:15.854:    29: libfabric:63662:1773778755::cxi:ep_data:cxip_fc_notify_cb():9061<warn> nid005002: TXC (0x5f62:1): dropped FC message: retry_delay_usecs=1000 retry_count=7
2026-03-17T21:19:16.057:     6: libfabric:85729:1773778755::cxi:ep_data:cxip_fc_notify_cb():2508<warn> nid005002: TXC (0x15fa:1): dropped FC message: retry_delay_usecs=1000 retry_count=4
2026-03-17T21:19:16.335:    10: libfabric:59832:1773778756::cxi:ep_data:cxip_fc_notify_cb():2589<warn> nid005002: TXC (0xb8e8:1): dropped FC message: retry_delay_usecs=1000 retry_count=4
2026-03-17T21:19:16.632:    29: libfabric:67743:1773778756::cxi:ep_data:cxip_fc_notify_cb():1270<warn> nid005002: TXC (0x1a6f:1): dropped FC message: retry_delay_usecs=1000 retry_count=2
2026-03-17T21:19:16.816:    30: libfabric:75164:1773778756::cxi:ep_data:cxip_fc_notify_cb():6803<warn> nid005002: TXC (0x87fe:1): dropped FC message: retry_delay_usecs=1000 retry_count=4
2026-03-17T21:19:16.932:    23: libfabric:13471:1773778756::cxi:ep_data:cxip_fc_notify_cb():6077<warn> nid005002: TXC (0x2a14:1): dropped FC message: retry_delay_usecs=1000 retry_count=6
2026-03-17T21:19:16.986:    18: libfabric:57851:1773778756::cxi:ep_data:cxip_fc_notify_cb():3664<warn> nid005002: TXC (0x10f9:1): dropped FC message: retry_delay_usecs=1000 retry_count=4
2026-03-17T21:19:17.040:    23: libfabric:74101:1773778756::cxi:ep_data:cxip_fc_notify_cb():4381<warn> nid005002: TXC (0xe871:1): dropped FC message: retry_delay_usecs=1000 retry_count=4
2026-03-17T21:19:17.124:     2: libfabric:25678:1773778757::cxi:ep_data:cxip_fc_notify_cb():5188<warn> nid005002: TXC (0xa130:1): dropped FC message: retry_delay_usecs=1000 retry_count=1
2026-03-17T21:19:17.186:     8: libfabric:64424:1773778757::cxi:ep_data:cxip_fc_notify_cb():4072<warn> nid005002: TXC (0xc2c9:1): dropped FC message: retry_delay_usecs=1000 retry_count=3
2026-03-17T21:19:17.471:    31: libfabric:22462:1773778757::cxi:ep_data:cxip_fc_notify_cb():4361<warn> nid005002: TXC (0xbf49:1): dropped FC message: retry_delay_usecs=1000 retry_count=5
2026-03-17T21:19:17.605:    30: libfabric:75141:1773778757::cxi:ep_data:cxip_fc_notify_cb():2156<warn> nid005002: TXC (0x6028:1): dropped FC message: retry_delay_usecs=1000 retry_count=2
2026-03-17T21:19:17.881:    18: libfabric:91155:1773778757::cxi:ep_data:cxip_fc_notify_cb():8398<warn> nid005002: TXC (0xe409:1): dropped FC message: retry_delay_usecs=1000 retry_count=6
2026-03-17T21:19:18.125:     1: libfabric:40541:1773778757::cxi:ep_data:cxip_fc_notify_cb():3549<warn> nid005002: TXC (0xdba9:1): dropped FC message: retry_delay_usecs=1000 retry_count=4
2026-03-17T21:19:18.265:    25: libfabric:76523:1773778758::cxi:ep_data:cxip_fc_notify_cb():9779<warn> nid005002: TXC (0x7462:1): dropped FC message: retry_delay_usecs=1000 retry_count=3
2026-03-17T21:19:18.525:    20: libfabric:55561:1773778758::cxi:ep_data:cxip_fc_notify_cb():6311<warn> nid005002: TXC (0xdad7:1): dropped FC message: retry_delay_usecs=1000 retry_count=5
2026-03-17T21:19:18.735:    21: libfabric:88196:1773778758::cxi:ep_data:cxip_fc_notify_cb():2928<warn> nid005002: TXC (0xaf49:1): dropped FC message: retry_delay_usecs=1000 retry_count=3
2026-03-17T21:19:19.026:     8: libfabric:28890:1773778758::cxi:ep_data:cxip_fc_notify_cb():4366<warn> nid005002: TXC (0xbb18:1): dropped FC message: retry_delay_usecs=1000 retry_count=3
2026-03-17T21:19:19.246:     6: libfabric:58782:1773778759::cxi:ep_data:cxip_fc_notify_cb():4532<warn> nid005002: TXC (0xeb82:1): dropped FC message: retry_delay_usecs=1000 retry_count=8
2026-03-17T21:19:19.363:    19: libfabric:68101:1773778759::cxi:ep_data:cxip_fc_notify_cb():5928<warn> nid005002: TXC (0x5685:1): dropped FC message: retry_delay_usecs=1000 retry_count=2
2026-03-17T21:19:19.585:    28: libfabric:91428:1773778759::cxi:ep_data:cxip_fc_notify_cb():6030<warn> nid005002: TXC (0x9151:1): dropped FC message: retry_delay_usecs=1000 retry_count=5
2026-03-17T21:19:19.682:     5: libfabric:98370:1773778759::cxi:ep_data:cxip_fc_notify_cb():9712<warn> nid005002: TXC (0xd5e8:1): dropped FC message: retry_delay_usecs=1000 retry_count=6
2026-03-17T21:19:19.847:    28: libfabric:84024:1773778759::cxi:ep_data:cxip_fc_notify_cb():6938<warn> nid005002: TXC (0x75a8:1): dropped FC message: retry_delay_usecs=1000 retry_count=5
2026-03-17T21:19:20.083:    16: libfabric:30569:1773778759::cxi:ep_data:cxip_fc_notify_cb():8989<warn> nid005002: TXC (0x640a:1): dropped FC message: retry_delay_usecs=1000 retry_count=6
2026-03-17T21:19:20.375:    24: libfabric:29056:1773778760::cxi:ep_data:cxip_fc_notify_cb():1806<warn> nid005002: TXC (0x46ca:1): dropped FC message: retry_delay_usecs=1000 retry_count=7
2026-03-17T21:19:20.482:    26: libfabric:27766:1773778760::cxi:ep_data:cxip_fc_notify_cb():2554<warn> nid005002: TXC (0xb465:1): dropped FC message: retry_delay_usecs=1000 retry_count=4
2026-03-17T21:19:20.637:    30: libfabric:54860:1773778760::cxi:ep_data:cxip_fc_notify_cb():1020<warn> nid005002: TXC (0xd86d:1): dropped FC message: retry_delay_usecs=1000 retry_count=4
2026-03-17T21:19:20.829:    13: libfabric:99495:1773778760::cxi:ep_data:cxip_fc_notify_cb():1511<warn> nid005002: TXC (0x36d9:1): dropped FC message: retry_delay_usecs=1000 retry_count=6
2026-03-17T21:19:20.955:     9: libfabric:95667:1773778760::cxi:ep_data:cxip_fc_notify_cb():6064<warn> nid005002: TXC (0x25a9:1): dropped FC message: retry_delay_usecs=1000 retry_count=1
2026-03-17T21:19:21.104:    23: libfabric:61610:1773778760::cxi:ep_data:cxip_fc_notify_cb():5849<warn> nid005002: TXC (0x21b2:1): dropped FC message: retry_delay_usecs=1000 retry_count=4
2026-03-17T21:19:21.315:     5: libfabric:16689:1773778761::cxi:ep_data:cxip_fc_notify_cb():8956<warn> nid005002: TXC (0x64cb:1): dropped FC message: retry_delay_usecs=1000 retry_count=2
2026-03-17T21:19:21.531:     7: libfabric:18012:1773778761::cxi:ep_data:cxip_fc_notify_cb():4560<warn> nid005002: TXC (0xdc69:1): dropped FC message: retry_delay_usecs=1000 retry_count=7
2026-03-17T21:19:21.669:     5: libfabric:11786:1773778761::cxi:ep_data:cxip_fc_notify_cb():7796<warn> nid005002: TXC (0x8548:1): dropped FC message: retry_delay_usecs=1000 retry_count=5
2026-03-17T21:19:21.922:    15: libfabric:93085:1773778761::cxi:ep_data:cxip_fc_notify_cb():8168<warn> nid005002: TXC (0x59d8:1): dropped FC message: retry_delay_usecs=1000 retry_count=5
2026-03-17T21:19:22.203:    28: libfabric:33369:1773778761::cxi:ep_data:cxip_fc_notify_cb():8281<warn> nid005002: TXC (0xd506:1): dropped FC message: retry_delay_usecs=1000 retry_count=7
2026-03-17T21:19:22.448:     9: libfabric:23845:1773778762::cxi:ep_data:cxip_fc_notify_cb():9618<warn> nid005002: TXC (0x1723:1): dropped FC message: retry_delay_usecs=1000 retry_count=5
2026-03-17T21:19:22.635:    10: libfabric:95861:1773778762::cxi:ep_data:cxip_fc_notify_cb():9851<warn> nid005002: TXC (0xea88:1): dropped FC message: retry_delay_usecs=1000 retry_count=4
2026-03-17T21:19:22.704:    11: libfabric:27408:1773778762::cxi:ep_data:cxip_fc_notify_cb():1309<warn> nid005002: TXC (0x9f7b:1): dropped FC message: retry_delay_usecs=1000 retry_count=3
2026-03-17T21:19:22.775:     1: libfabric:32115:1773778762::cxi:ep_data:cxip_fc_notify_cb():1801<warn> nid005002: TXC (0x6893:1): dropped FC message: retry_delay_usecs=1000 retry_count=8
2026-03-17T21:19:23.031:    19: libfabric:24545:1773778762::cxi:ep_data:cxip_fc_notify_cb():8233<warn> nid005002: TXC (0x4645:1): dropped FC message: retry_delay_usecs=1000 retry_count=7
2026-03-17T21:19:23.292:    28: libfabric:10223:1773778763::cxi:ep_data:cxip_fc_notify_cb():3711<warn> nid005002: TXC (0xdb64:1): dropped FC message: retry_delay_usecs=1000 retry_count=5
2026-03-17T21:19:23.485:    27: libfabric:64974:1773778763::cxi:ep_data:cxip_fc_notify_cb():2279<warn> nid005002: TXC (0x4288:1): dropped FC message: retry_delay_usecs=1000 retry_count=8
2026-03-17T21:19:23.590:     6: libfabric:35557:1773778763::cxi:ep_data:cxip_fc_notify_cb():6310<warn> nid005002: TXC (0x19d1:1): dropped FC message: retry_delay_usecs=1000 retry_count=3
2026-03-17T21:19:23.748:    21: libfabric:47917:1773778763::cxi:ep_data:cxip_fc_notify_cb():3634<warn> nid005002: TXC (0x4c85:1): dropped FC message: retry_delay_usecs=1000 retry_count=8
2026-03-17T21:19:23.937:    25: libfabric:16895:1773778763::cxi:ep_data:cxip_fc_notify_cb():5374<warn> nid005002: TXC (0xcf47:1): dropped FC message: retry_delay_usecs=1000 retry_count=7
2026-03-17T21:19:24.023:    23: libfabric:94142:1773778763::cxi:ep_data:cxip_fc_notify_cb():4244<warn> nid005002: TXC (0x5b61:1): dropped FC message: retry_delay_usecs=1000 retry_count=2
2026-03-17T21:19:24.147:    12: libfabric:89810:1773778764::cxi:ep_data:cxip_fc_notify_cb():1179<warn> nid005002: TXC (0xcc2b:1): dropped FC message: retry_delay_usecs=1000 retry_count=6
2026-03-17T21:19:24.395:    25: libfabric:85716:1773778764::cxi:ep_data:cxip_fc_notify_cb():9986<warn> nid005002: TXC (0x112e:1): dropped FC message: retry_delay_usecs=1000 retry_count=8
2026-03-17T21:19:24.651:     3: libfabric:38271:1773778764::cxi:ep_data:cxip_fc_notify_cb():4634<warn> nid005002: TXC (0xd72e:1): dropped FC message: retry_delay_usecs=1000 retry_count=5
2026-03-17T21:19:24.939:    21: libfabric:69178:1773778764::cxi:ep_data:cxip_fc_notify_cb():1093<warn> nid005002: TXC (0xc06a:1): dropped FC message: retry_delay_usecs=1000 retry_count=6
2026-03-17T21:19:25.065:    10: libfabric:80426:1773778764::cxi:ep_data:cxip_fc_notify_cb():7150<warn> nid005002: TXC (0x775d:1): dropped FC message: retry_delay_usecs=1000 retry_count=1
2026-03-17T21:19:25.350:    12: libfabric:13180:1773778765::cxi:ep_data:cxip_fc_notify_cb():1029<warn> nid005002: TXC (0x1603:1): dropped FC message: retry_delay_usecs=1000 retry_count=7
2026-03-17T21:19:25.440:    14: libfabric:46437:1773778765::cxi:ep_data:cxip_fc_notify_cb():6373<warn> nid005002: TXC (0xde67:1): dropped FC message: retry_delay_usecs=1000 retry_count=2
2026-03-17T21:19:25.681:    14: libfabric:30400:1773778765::cxi:ep_data:cxip_fc_notify_cb():1295<warn> nid005002: TXC (0x4b16:1): dropped FC message: retry_delay_usecs=1000 retry_count=6
2026-03-17T21:19:25.796:    11: libfabric:66480:1773778765::cxi:ep_data:cxip_fc_notify_cb():3057<warn> nid005002: TXC (0xd9ef:1): dropped FC message: retry_delay_usecs=1000 retry_count=3
2026-03-17T21:19:25.848:    29: libfabric:11161:1773778765::cxi:ep_data:cxip_fc_notify_cb():4000<warn> nid005002: TXC (0x8fdd:1): dropped FC message: retry_delay_usecs=1000 retry_count=1
2026-03-17T21:19:26.096:     9: libfabric:53843:1773778765::cxi:ep_data:cxip_fc_notify_cb():3834<warn> nid005002: TXC (0x25f1:1): dropped FC message: retry_delay_usecs=1000 retry_count=2
2026-03-17T21:19:26.165:    23: libfabric:43927:1773778766::cxi:ep_data:cxip_fc_notify_cb():2540<warn> nid005002: TXC (0x4187:1): dropped FC message: retry_delay_usecs=1000 retry_count=6
2026-03-17T21:19:26.228:    27: libfabric:29295:1773778766::cxi:ep_data:cxip_fc_notify_cb():2582<warn> nid005002: TXC (0xac18:1): dropped FC message: retry_delay_usecs=1000 retry_count=4
2026-03-17T21:19:26.286:    30: libfabric:59659:1773778766::cxi:ep_data:cxip_fc_notify_cb():1315<warn> nid005002: TXC (0xa7b1:1): dropped FC message: retry_delay_usecs=1000 retry_count=7
2026-03-17T21:19:26.566:    19: libfabric:54615:1773778766::cxi:ep_data:cxip_fc_notify_cb():6512<warn> nid005002: TXC (0x1cde:1): dropped FC message: retry_delay_usecs=1000 retry_count=5
2026-03-17T21:19:26.860:     2: libfabric:90465:1773778766::cxi:ep_data:cxip_fc_notify_cb():7851<warn> nid005002: TXC (0xd361:1): dropped FC message: retry_delay_usecs=1000 retry_count=7
2026-03-17T21:19:27.029:     1: libfabric:33339:1773778766::cxi:ep_data:cxip_fc_notify_cb():9900<warn> nid005002: TXC (0xbeaa:1): dropped FC message: retry_delay_usecs=1000 retry_count=2
2026-03-17T21:19:27.215:    16: libfabric:56554:1773778767::cxi:ep_data:cxip_fc_notify_cb():8110<warn> nid005002: TXC (0x1998:1): dropped FC message: retry_delay_usecs=1000 retry_count=7
2026-03-17T21:19:27.377:     4: libfabric:62061:1773778767::cxi:ep_data:cxip_fc_notify_cb():7524<warn> nid005002: TXC (0x27d9:1): dropped FC message: retry_delay_usecs=1000 retry_count=1
2026-03-17T21:19:27.616:    17: libfabric:44456:1773778767::cxi:ep_data:cxip_fc_notify_cb():3662<warn> nid005002: TXC (0xb598:1): dropped FC message: retry_delay_usecs=1000 retry_count=1
2026-03-17T21:19:27.838:    31: libfabric:61544:1773778767::cxi:ep_data:cxip_fc_notify_cb():2680<warn> nid005002: TXC (0xd34f:1): dropped FC message: retry_delay_usecs=1000 retry_count=4
2026-03-17T21:19:28.117:    14: libfabric:89157:1773778767::cxi:ep_data:cxip_fc_notify_cb():8361<warn> nid005002: TXC (0x5860:1): dropped FC message: retry_delay_usecs=1000 retry_count=1
2026-03-17T21:19:28.295:    13: libfabric:33661:1773778768::cxi:ep_data:cxip_fc_notify_cb():9891<warn> nid005002: TXC (0xf6e0:1): dropped FC message: retry_delay_usecs=1000 retry_count=3
2026-03-17T21:19:28.486:    30: libfabric:76830:1773778768::cxi:ep_data:cxip_fc_notify_cb():1541<warn> nid005002: TXC (0xeb55:1): dropped FC message: retry_delay_usecs=1000 retry_count=5
2026-03-17T21:19:28.539:    14: libfabric:76018:1773778768::cxi:ep_data:cxip_fc_notify_cb():9125<warn> nid005002: TXC (0x217a:1): dropped FC message: retry_delay_usecs=1000 retry_count=4
2026-03-17T21:19:28.616:     9: libfabric:40336:1773778768::cxi:ep_data:cxip_fc_notify_cb():9320<warn> nid005002: TXC (0xb877:1): dropped FC message: retry_delay_usecs=1000 retry_count=5
2026-03-17T21:19:28.910:     1: libfabric:57864:1773778768::cxi:ep_data:cxip_fc_notify_cb():5822<warn> nid005002: TXC (0xd082:1): dropped FC message: retry_delay_usecs=1000 retry_count=3
2026-03-17T21:19:29.020:    21: libfabric:46863:1773778768::cxi:ep_data:cxip_fc_notify_cb():9472<warn> nid005002: TXC (0x83df:1): dropped FC message: retry_delay_usecs=1000 retry_count=5
2026-03-17T21:19:29.118:    11: libfabric:65523:1773778769::cxi:ep_data:cxip_fc_notify_cb():2830<warn> nid005002: TXC (0x49a8:1): dropped FC message: retry_delay_usecs=1000 retry_count=8
2026-03-17T21:19:29.247:    21: libfabric:62983:1773778769::cxi:ep_data:cxip_fc_notify_cb():8991<warn> nid005002: TXC (0x82f1:1): dropped FC message: retry_delay_usecs=1000 retry_count=5
2026-03-17T21:19:29.531:    28: libfabric:77044:1773778769::cxi:ep_data:cxip_fc_notify_cb():2816<warn> nid005002: TXC (0x84d9:1): dropped FC message: retry_delay_usecs=1000 retry_count=1
2026-03-17T21:19:29.809:     6: libfabric:92948:1773778769::cxi:ep_data:cxip_fc_notify_cb():7363<warn> nid005002: TXC (0xc1fc:1): dropped FC message: retry_delay_usecs=1000 retry_count=6
2026-03-17T21:19:29.900:    21: libfabric:37763:1773778769::cxi:ep_data:cxip_fc_notify_cb():3066<warn> nid005002: TXC (0x34f2:1): dropped FC message: retry_delay_usecs=1000 retry_count=3
2026-03-17T21:19:30.056:    11: libfabric:41636:1773778769::cxi:ep_data:cxip_fc_notify_cb():7172<warn> nid005002: TXC (0xdbbe:1): dropped FC message: retry_delay_usecs=1000 retry_count=7
2026-03-17T21:19:30.268:     0: libfabric:92712:1773778770::cxi:ep_data:cxip_fc_notify_cb():5932<warn> nid005002: TXC (0xf92c:1): dropped FC message: retry_delay_usecs=1000 retry_count=3
2026-03-17T21:19:30.443:    11: libfabric:46199:1773778770::cxi:ep_data:cxip_fc_notify_cb():2931<warn> nid005002: TXC (0x5a85:1): dropped FC message: retry_delay_usecs=1000 retry_count=3
2026-03-17T21:19:30.729:    23: libfabric:71787:1773778770::cxi:ep_data:cxip_fc_notify_cb():3596<warn> nid005002: TXC (0x7185:1): dropped FC message: retry_delay_usecs=1000 retry_count=7
2026-03-17T21:19:30.881:    23: libfabric:29435:1773778770::cxi:ep_data:cxip_fc_notify_cb():4603<warn> nid005002: TXC (0x224b:1): dropped FC message: retry_delay_usecs=1000 retry_count=1
2026-03-17T21:19:31.037:    30: libfabric:36173:1773778770::cxi:ep_data:cxip_fc_notify_cb():3814<warn> nid005002: TXC (0x3bb2:1): dropped FC message: retry_delay_usecs=1000 retry_count=3
2026-03-17T21:19:31.292:     3: libfabric:30868:1773778771::cxi:ep_data:cxip_fc_notify_cb():4433<warn> nid005002: TXC (0x5c33:1): dropped FC message: retry_delay_usecs=1000 retry_count=8
2026-03-17T21:19:31.544:    28: libfabric:34625:1773778771::cxi:ep_data:cxip_fc_notify_cb():4599<warn> nid005002: TXC (0xfa20:1): dropped FC message: retry_delay_usecs=1000 retry_count=7
2026-03-17T21:19:31.762:    29: libfabric:84771:1773778771::cxi:ep_data:cxip_fc_notify_cb():2892<warn> nid005002: TXC (0xd3fc:1): dropped FC message: retry_delay_usecs=1000 retry_count=6
2026-03-17T21:19:31.971:    29: libfabric:45754:1773778771::cxi:ep_data:cxip_fc_notify_cb():6659<warn> nid005002: TXC (0x910a:1): dropped FC message: retry_delay_usecs=1000 retry_count=5
2026-03-17T21:19:32.184:    12: libfabric:66075:1773778771::cxi:ep_data:cxip_fc_notify_cb():4255<warn> nid005002: TXC (0x7819:1): dropped FC message: retry_delay_usecs=1000 retry_count=5
2026-03-17T21:19:32.433:    15: libfabric:59012:1773778772::cxi:ep_data:cxip_fc_notify_cb():2956<warn> nid005002: TXC (0x9cc8:1): dropped FC message: retry_delay_usecs=1000 retry_count=2
2026-03-17T21:19:32.732:    21: libfabric:40697:1773778772::cxi:ep_data:cxip_fc_notify_cb():6305<warn> nid005002: TXC (0x259b:1): dropped FC message: retry_delay_usecs=1000 retry_count=2
2026-03-17T21:19:32.961:    11: libfabric:80241:1773778772::cxi:ep_data:cxip_fc_notify_cb():3582<warn> nid005002: TXC (0x45bb:1): dropped FC message: retry_delay_usecs=1000 retry_count=8
2026-03-17T21:19:33.165:    23: libfabric:29106:1773778772::cxi:ep_data:cxip_fc_notify_cb():1413<warn> nid005002: TXC (0xac4d:1): dropped FC message: retry_delay_usecs=1000 retry_count=4
2026-03-17T21:19:33.239:     6: libfabric:31339:1773778773::cxi:ep_data:cxip_fc_notify_cb():1081<warn> nid005002: TXC (0x974c:1): dropped FC message: retry_delay_usecs=1000 retry_count=8
2026-03-17T21:19:33.314:    18: libfabric:98953:1773778773::cxi:ep_data:cxip_fc_notify_cb():2931<warn> nid005002: TXC (0x70ec:1): dropped FC message: retry_delay_usecs=1000 retry_count=4
2026-03-17T21:19:33.539:     4: libfabric:62520:1773778773::cxi:ep_data:cxip_fc_notify_cb():6855<warn> nid005002: TXC (0x5a99:1): dropped FC message: retry_delay_usecs=1000 retry_count=2
2026-03-17T21:19:33.665:    24: libfabric:77410:1773778773::cxi:ep_data:cxip_fc_notify_cb():1117<warn> nid005002: TXC (0x89d2:1): dropped FC message: retry_delay_usecs=1000 retry_count=8
2026-03-17T21:19:33.928:     4: libfabric:33720:1773778773::cxi:ep_data:cxip_fc_notify_cb():2055<warn> nid005002: TXC (0xec9d:1): dropped FC message: retry_delay_usecs=1000 retry_count=4
2026-03-17T21:19:34.087:     7: libfabric:80875:1773778773::cxi:ep_data:cxip_fc_notify_cb():2738<warn> nid005002: TXC (0x7248:1): dropped FC message: retry_delay_usecs=1000 retry_count=3
2026-03-17T21:19:34.253:     1: libfabric:47628:1773778774::cxi:ep_data:cxip_fc_notify_cb():1831<warn> nid005002: TXC (0xa9b3:1): dropped FC message: retry_delay_usecs=1000 retry_count=2
2026-03-17T21:19:34.331:    18: libfabric:84974:1773778774::cxi:ep_data:cxip_fc_notify_cb():7504<warn> nid005002: TXC (0xf74a:1): dropped FC message: retry_delay_usecs=1000 retry_count=5
2026-03-17T21:19:34.586:     0: libfabric:20200:1773778774::cxi:ep_data:cxip_fc_notify_cb():9800<warn> nid005002: TXC (0x3723:1): dropped FC message: retry_delay_usecs=1000 retry_count=6
2026-03-17T21:19:34.740:    15: libfabric:32142:1773778774::cxi:ep_data:cxip_fc_notify_cb():3932<warn> nid005002: TXC (0xef44:1): dropped FC message: retry_delay_usecs=1000 retry_count=6
2026-03-17T21:19:34.886:    10: libfabric:44169:1773778774::cxi:ep_data:cxip_fc_notify_cb():4785<warn> nid005002: TXC (0xa525:1): dropped FC message: retry_delay_usecs=1000 retry_count=1
2026-03-17T21:19:35.065:     2: libfabric:88850:1773778774::cxi:ep_data:cxip_fc_notify_cb():5467<warn> nid005002: TXC (0x1d1e:1): dropped FC message: retry_delay_usecs=1000 retry_count=2
2026-03-17T21:19:35.264:    15: libfabric:75572:1773778775::cxi:ep_data:cxip_fc_notify_cb():6684<warn> nid005002: TXC (0x2bbb:1): dropped FC message: retry_delay_usecs=1000 retry_count=8
2026-03-17T21:19:35.409:    29: libfabric:36307:1773778775::cxi:ep_data:cxip_fc_notify_cb():8494<warn> nid005002: TXC (0x90ba:1): dropped FC message: retry_delay_usecs=1000 retry_count=7
2026-03-17T21:19:35.516:    19: libfabric:46491:1773778775::cxi:ep_data:cxip_fc_notify_cb():7455<warn> nid005002: TXC (0x3205:1): dropped FC message: retry_delay_usecs=1000 retry_count=3
2026-03-17T21:19:35.648:    16: libfabric:91339:1773778775::cxi:ep_data:cxip_fc_notify_cb():6262<warn> nid005002: TXC (0x13ca:1): dropped FC message: retry_delay_usecs=1000 retry_count=4
2026-03-17T21:19:35.836:    29: libfabric:51607:1773778775::cxi:ep_data:cxip_fc_notify_cb():7038<warn> nid005002: TXC (0x7803:1): dropped FC message: retry_delay_usecs=1000 retry_count=1
2026-03-17T21:19:36.042:     7: libfabric:82177:1773778775::cxi:ep_data:cxip_fc_notify_cb():6300<warn> nid005002: TXC (0xabf1:1): dropped FC message: retry_delay_usecs=1000 retry_count=2
2026-03-17T21:19:36.239:    26: libfabric:34280:1773778776::cxi:ep_data:cxip_fc_notify_cb():3455<warn> nid005002: TXC (0x408e:1): dropped FC message: retry_delay_usecs=1000 retry_count=3
2026-03-17T21:19:36.498:    23: libfabric:81594:1773778776::cxi:ep_data:cxip_fc_notify_cb():5371<warn> nid005002: TXC (0x4a85:1): dropped FC message: retry_delay_usecs=1000 retry_count=3
2026-03-17T21:19:36.676:    31: libfabric:34360:1773778776::cxi:ep_data:cxip_fc_notify_cb():5264<warn> nid005002: TXC (0xc7f3:1): dropped FC message: retry_delay_usecs=1000 retry_count=2
2026-03-17T21:19:36.821:     2: libfabric:84236:1773778776::cxi:ep_data:cxip_fc_notify_cb():2804<warn> nid005002: TXC (0x17cb:1): dropped FC message: retry_delay_usecs=1000 retry_count=8
2026-03-17T21:19:37.003:    26: libfabric:62996:1773778776::cxi:ep_data:cxip_fc_notify_cb():2119<warn> nid005002: TXC (0xb443:1): dropped FC message: retry_delay_usecs=1000 retry_count=7
2026-03-17T21:19:37.232:     1: libfabric:23600:1773778777::cxi:ep_data:cxip_fc_notify_cb():6724<warn> nid005002: TXC (0x4742:1): dropped FC message: retry_delay_usecs=1000 retry_count=6
2026-03-17T21:19:37.472:    28: libfabric:30025:1773778777::cxi:ep_data:cxip_fc_notify_cb():6994<warn> nid005002: TXC (0x79dc:1): dropped FC message: retry_delay_usecs=1000 retry_count=3
2026-03-17T21:19:37.680:     9: libfabric:70327:1773778777::cxi:ep_data:cxip_fc_notify_cb():9874<warn> nid005002: TXC (0x72d6:1): dropped FC message: retry_delay_usecs=1000 retry_count=1
2026-03-17T21:19:37.767:    17: libfabric:31422:1773778777::cxi:ep_data:cxip_fc_notify_cb():2530<warn> nid005002: TXC (0x2873:1): dropped FC message: retry_delay_usecs=1000 retry_count=6
2026-03-17T21:19:38.053:    28: libfabric:45618:1773778777::cxi:ep_data:cxip_fc_notify_cb():7342<warn> nid005002: TXC (0x5d88:1): dropped FC message: retry_delay_usecs=1000 retry_count=2
2026-03-17T21:19:38.121:     2: libfabric:78817:1773778778::cxi:ep_data:cxip_fc_notify_cb():4976<warn> nid005002: TXC (0x82f2:1): dropped FC message: retry_delay_usecs=1000 retry_count=5
2026-03-17T21:19:38.398:    29: libfabric:14029:1773778778::cxi:ep_data:cxip_fc_notify_cb():6368<warn> nid005002: TXC (0xdacc:1): dropped FC message: retry_delay_usecs=1000 retry_count=7
2026-03-17T21:19:38.467:     2: libfabric:48209:1773778778::cxi:ep_data:cxip_fc_notify_cb():7177<warn> nid005002: TXC (0xf28b:1): dropped FC message: retry_delay_usecs=1000 retry_count=1
2026-03-17T21:19:38.565:    18: libfabric:10535:1773778778::cxi:ep_data:cxip_fc_notify_cb():8923<warn> nid005002: TXC (0x8341:1): dropped FC message: retry_delay_usecs=1000 retry_count=5
2026-03-17T21:19:38.665:    28: libfabric:94446:1773778778::cxi:ep_data:cxip_fc_notify_cb():8447<warn> nid005002: TXC (0x68c6:1): dropped FC message: retry_delay_usecs=1000 retry_count=2
2026-03-17T21:19:38.851:     1: libfabric:58296:1773778778::cxi:ep_data:cxip_fc_notify_cb():5211<warn> nid005002: TXC (0x1c93:1): dropped FC message: retry_delay_usecs=1000 retry_count=1
2026-03-17T21:19:38.942:    23: libfabric:16792:1773778778::cxi:ep_data:cxip_fc_notify_cb():6221<warn> nid005002: TXC (0x3fd6:1): dropped FC message: retry_delay_usecs=1000 retry_count=1
2026-03-17T21:19:39.151:     8: libfabric:15508:1773778778::cxi:ep_data:cxip_fc_notify_cb():7101<warn> nid005002: TXC (0xb5a7:1): dropped FC message: retry_delay_usecs=1000 retry_count=7
2026-03-17T21:19:39.366:    13: libfabric:40994:1773778779::cxi:ep_data:cxip_fc_notify_cb():2574<warn> nid005002: TXC (0x75df:1): dropped FC message: retry_delay_usecs=1000 retry_count=7
2026-03-17T21:19:39.509:    22: libfabric:23033:1773778779::cxi:ep_data:cxip_fc_notify_cb():6452<warn> nid005002: TXC (0x684a:1): dropped FC message: retry_delay_usecs=1000 retry_count=5
2026-03-17T21:19:39.630:    11: libfabric:60177:1773778779::cxi:ep_data:cxip_fc_notify_cb():7771<warn> nid005002: TXC (0xb8da:1): dropped FC message: retry_delay_usecs=1000 retry_count=7
2026-03-17T21:19:39.812:    17: libfabric:87154:1773778779::cxi:ep_data:cxip_fc_notify_cb():3247<warn> nid005002: TXC (0x575b:1): dropped FC message: retry_delay_usecs=1000 retry_count=4
2026-03-17T21:19:39.890:    27: libfabric:13109:1773778779::cxi:ep_data:cxip_fc_notify_cb():3065<warn> nid005002: TXC (0xb673:1): dropped FC message: retry_delay_usecs=1000 retry_count=8
2026-03-17T21:19:39.980:    29: libfabric:73099:1773778779::cxi:ep_data:cxip_fc_notify_cb():7494<warn> nid005002: TXC (0xed3f:1): dropped FC message: retry_delay_usecs=1000 retry_count=6
2026-03-17T21:19:40.122:    16: libfabric:64472:1773778779::cxi:ep_data:cxip_fc_notify_cb():1397<warn> nid005002: TXC (0xccf2:1): dropped FC message: retry_delay_usecs=1000 retry_count=6
2026-03-17T21:19:40.253:    30: libfabric:54263:1773778780::cxi:ep_data:cxip_fc_notify_cb():7024<warn> nid005002: TXC (0xd9fc:1): dropped FC message: retry_delay_usecs=1000 retry_count=7
2026-03-17T21:19:40.321:     7: libfabric:35399:1773778780::cxi:ep_data:cxip_fc_notify_cb():9395<warn> nid005002: TXC (0x9639:1): dropped FC message: retry_delay_usecs=1000 retry_count=4
2026-03-17T21:19:40.543:    18: libfabric:22618:1773778780::cxi:ep_data:cxip_fc_notify_cb():3446<warn> nid005002: TXC (0x2a16:1): dropped FC message: retry_delay_usecs=1000 retry_count=8
2026-03-17T21:19:40.808:    26: libfabric:92348:1773778780::cxi:ep_data:cxip_fc_notify_cb():3363<warn> nid005002: TXC (0xbb2d:1): dropped FC message: retry_delay_usecs=1000 retry_count=1
2026-03-17T21:19:40.916:    28: libfabric:66142:1773778780::cxi:ep_data:cxip_fc_notify_cb():3393<warn> nid005002: TXC (0x86aa:1): dropped FC message: retry_delay_usecs=1000 retry_count=5
2026-03-17T21:19:41.000:    22: libfabric:94404:1773778780::cxi:ep_data:cxip_fc_notify_cb():8452<warn> nid005002: TXC (0xd54c:1): dropped FC message: retry_delay_usecs=1000 retry_count=5
2026-03-17T21:19:41.186:     7: libfabric:24866:1773778781::cxi:ep_data:cxip_fc_notify_cb():3262<warn> nid005002: TXC (0xf12e:1): dropped FC message: retry_delay_usecs=1000 retry_count=2
2026-03-17T21:19:41.257:     0: libfabric:59651:1773778781::cxi:ep_data:cxip_fc_notify_cb():5827<warn> nid005002: TXC (0x893e:1): dropped FC message: retry_delay_usecs=1000 retry_count=6
2026-03-17T21:19:41.308:    27: libfabric:36413:1773778781::cxi:ep_data:cxip_fc_notify_cb():4596<warn> nid005002: TXC (0x963e:1): dropped FC message: retry_delay_usecs=1000 retry_count=8
2026-03-17T21:19:41.461:     3: libfabric:74990:1773778781::cxi:ep_data:cxip_fc_notify_cb():7064<warn> nid005002: TXC (0x8a21:1): dropped FC message: retry_delay_usecs=1000 retry_count=7
2026-03-17T21:19:41.542:    20: libfabric:71400:1773778781::cxi:ep_data:cxip_fc_notify_cb():8608<warn> nid005002: TXC (0x7daa:1): dropped FC message: retry_delay_usecs=1000 retry_count=5
2026-03-17T21:19:41.728:    28: libfabric:47699:1773778781::cxi:ep_data:cxip_fc_notify_cb():3765<warn> nid005002: TXC (0x887f:1): dropped FC message: retry_delay_usecs=1000 retry_count=8
2026-03-17T21:19:41.981:    26: libfabric:36279:1773778781::cxi:ep_data:cxip_fc_notify_cb():7795<warn> nid005002: TXC (0x19cd:1): dropped FC message: retry_delay_usecs=1000 retry_count=5
2026-03-17T21:19:42.180:    17: libfabric:60206:1773778781::cxi:ep_data:cxip_fc_notify_cb():5328<warn> nid005002: TXC (0x82e7:1): dropped FC message: retry_delay_usecs=1000 retry_count=2
2026-03-17T21:19:42.303:     3: libfabric:51362:1773778782::cxi:ep_data:cxip_fc_notify_cb():9622<warn> nid005002: TXC (0xf906:1): dropped FC message: retry_delay_usecs=1000 retry_count=6
2026-03-17T21:19:42.394:     4: libfabric:24066:1773778782::cxi:ep_data:cxip_fc_notify_cb():1831<warn> nid005002: TXC (0xc485:1): dropped FC message: retry_delay_usecs=1000 retry_count=4
2026-03-17T21:19:42.586:     7: libfabric:83121:1773778782::cxi:ep_data:cxip_fc_notify_cb():3029<warn> nid005002: TXC (0x4576:1): dropped FC message: retry_delay_usecs=1000 retry_count=8
2026-03-17T21:19:42.803:    24: libfabric:87773:1773778782::cxi:ep_data:cxip_fc_notify_cb():6301<warn> nid005002: TXC (0xf4a1:1): dropped FC message: retry_delay_usecs=1000 retry_count=7
2026-03-17T21:19:43.063:    30: libfabric:66341:1773778782::cxi:ep_data:cxip_fc_notify_cb():2283<warn> nid005002: TXC (0x237a:1): dropped FC message: retry_delay_usecs=1000 retry_count=6
2026-03-17T21:19:43.130:    27: libfabric:22995:1773778783::cxi:ep_data:cxip_fc_notify_cb():4344<warn> nid005002: TXC (0xe47f:1): dropped FC message: retry_delay_usecs=1000 retry_count=8
2026-03-17T21:19:43.346:    12: libfabric:78101:1773778783::cxi:ep_data:cxip_fc_notify_cb():9762<warn> nid005002: TXC (0x8a2d:1): dropped FC message: retry_delay_usecs=1000 retry_count=1
2026-03-17T21:19:43.512:     9: libfabric:57965:1773778783::cxi:ep_data:cxip_fc_notify_cb():4987<warn> nid005002: TXC (0x8156:1): dropped FC message: retry_delay_usecs=1000 retry_count=3
2026-03-17T21:19:43.672:     6: libfabric:88316:1773778783::cxi:ep_data:cxip_fc_notify_cb():6175<warn> nid005002: TXC (0x94b3:1): dropped FC message: retry_delay_usecs=1000 retry_count=2
2026-03-17T21:19:43.750:    25: libfabric:14623:1773778783::cxi:ep_data:cxip_fc_notify_cb():9086<warn> nid005002: TXC (0xec30:1): dropped FC message: retry_delay_usecs=1000 retry_count=1
2026-03-17T21:19:43.847:     8: libfabric:56764:1773778783::cxi:ep_data:cxip_fc_notify_cb():1030<warn> nid005002: TXC (0xa623:1): dropped FC message: retry_delay_usecs=1000 retry_count=3
2026-03-17T21:19:44.140:    25: libfabric:47072:1773778783::cxi:ep_data:cxip_fc_notify_cb():3054<warn> nid005002: TXC (0xc0e8:1): dropped FC message: retry_delay_usecs=1000 retry_count=8
2026-03-17T21:19:44.402:    29: libfabric:29586:1773778784::cxi:ep_data:cxip_fc_notify_cb():8320<warn> nid005002: TXC (0x65fd:1): dropped FC message: retry_delay_usecs=1000 retry_count=3
2026-03-17T21:19:44.577:    28: libfabric:67621:1773778784::cxi:ep_data:cxip_fc_notify_cb():6637<warn> nid005002: TXC (0xb917:1): dropped FC message: retry_delay_usecs=1000 retry_count=6
2026-03-17T21:19:44.830:    16: libfabric:55520:1773778784::cxi:ep_data:cxip_fc_notify_cb():3746<warn> nid005002: TXC (0x4e60:1): dropped FC message: retry_delay_usecs=1000 retry_count=5
2026-03-17T21:19:44.938:    16: libfabric:78467:1773778784::cxi:ep_data:cxip_fc_notify_cb():1118<warn> nid005002: TXC (0x1b22:1): dropped FC message: retry_delay_usecs=1000 retry_count=6
2026-03-17T21:19:45.100:     2: libfabric:18159:1773778784::cxi:ep_data:cxip_fc_notify_cb():6238<warn> nid005002: TXC (0xef7e:1): dropped FC message: retry_delay_usecs=1000 retry_count=6
2026-03-17T21:19:45.277:     3: libfabric:78003:1773778785::cxi:ep_data:cxip_fc_notify_cb():3579<warn> nid005002: TXC (0x4aff:1): dropped FC message: retry_delay_usecs=1000 retry_count=1
2026-03-17T21:19:45.449:     6: libfabric:20872:1773778785::cxi:ep_data:cxip_fc_notify_cb():7789<warn> nid005002: TXC (0x32bf:1): dropped FC message: retry_delay_usecs=1000 retry_count=6
2026-03-17T21:19:45.628:    22: libfabric:48375:1773778785::cxi:ep_data:cxip_fc_notify_cb():4885<warn> nid005002: TXC (0xd152:1): dropped FC message: retry_delay_usecs=1000 retry_count=2
2026-03-17T21:19:45.830:    23: libfabric:54603:1773778785::cxi:ep_data:cxip_fc_notify_cb():7226<warn> nid005002: TXC (0xa50c:1): dropped FC message: retry_delay_usecs=1000 retry_count=6
2026-03-17T21:19:45.954:     4: libfabric:84543:1773778785::cxi:ep_data:cxip_fc_notify_cb():1574<warn> nid005002: TXC (0x8eb6:1): dropped FC message: retry_delay_usecs=1000 retry_count=7
2026-03-17T21:19:46.213:    14: libfabric:88832:1773778785::cxi:ep_data:cxip_fc_notify_cb():2508<warn> nid005002: TXC (0xb387:1): dropped FC message: retry_delay_usecs=1000 retry_count=7
2026-03-17T21:19:46.467:     1: libfabric:13849:1773778786::cxi:ep_data:cxip_fc_notify_cb():2697<warn> nid005002: TXC (0x5a99:1): dropped FC message: retry_delay_usecs=1000 retry_count=2
2026-03-17T21:19:46.721:    18: libfabric:65278:1773778786::cxi:ep_data:cxip_fc_notify_cb():8523<warn> nid005002: TXC (0xd9a3:1): dropped FC message: retry_delay_usecs=1000 retry_count=4
2026-03-17T21:19:46.838:    17: libfabric:16052:1773778786::cxi:ep_data:cxip_fc_notify_cb():2467<warn> nid005002: TXC (0x9bc6:1): dropped FC message: retry_delay_usecs=1000 retry_count=5
2026-03-17T21:19:47.118:    20: libfabric:83832:1773778786::cxi:ep_data:cxip_fc_notify_cb():3199<warn> nid005002: TXC (0xe3ae:1): dropped FC message: retry_delay_usecs=1000 retry_count=7
2026-03-17T21:19:47.193:     0: libfabric:15419:1773778787::cxi:ep_data:cxip_fc_notify_cb():8766<warn> nid005002: TXC (0x306a:1): dropped FC message: retry_delay_usecs=1000 retry_count=8
2026-03-17T21:19:47.432:     8: libfabric:31940:1773778787::cxi:ep_data:cxip_fc_notify_cb():9588<warn> nid005002: TXC (0x26c7:1): dropped FC message: retry_delay_usecs=1000 retry_count=5
2026-03-17T21:19:47.512:     4: libfabric:78938:1773778787::cxi:ep_data:cxip_fc_notify_cb():3251<warn> nid005002: TXC (0x606c:1): dropped FC message: retry_delay_usecs=1000 retry_count=3
2026-03-17T21:19:47.687:    15: libfabric:12042:1773778787::cxi:ep_data:cxip_fc_notify_cb():7522<warn> nid005002: TXC (0x8dfb:1): dropped FC message: retry_delay_usecs=1000 retry_count=3
2026-03-17T21:19:47.863:    26: libfabric:53513:1773778787::cxi:ep_data:cxip_fc_notify_cb():3305<warn> nid005002: TXC (0x4006:1): dropped FC message: retry_delay_usecs=1000 retry_count=8
2026-03-17T21:19:47.984:     6: libfabric:57593:1773778787::cxi:ep_data:cxip_fc_notify_cb():9105<warn> nid005002: TXC (0x764c:1): dropped FC message: retry_delay_usecs=1000 retry_count=5
2026-03-17T21:19:48.044:     0: libfabric:29430:1773778787::cxi:ep_data:cxip_fc_notify_cb():1470<warn> nid005002: TXC (0xee8d:1): dropped FC message: retry_delay_usecs=1000 retry_count=1
2026-03-17T21:19:48.312:    30: libfabric:88549:1773778788::cxi:ep_data:cxip_fc_notify_cb():2627<warn> nid005002: TXC (0x62c4:1): dropped FC message: retry_delay_usecs=1000 retry_count=3
2026-03-17T21:19:48.474:    11: libfabric:90198:1773778788::cxi:ep_data:cxip_fc_notify_cb():1033<warn> nid005002: TXC (0xa901:1): dropped FC message: retry_delay_usecs=1000 retry_count=5
2026-03-17T21:19:48.570:    27: libfabric:51814:1773778788::cxi:ep_data:cxip_fc_notify_cb():5576<warn> nid005002: TXC (0xd02b:1): dropped FC message: retry_delay_usecs=1000 retry_count=7
2026-03-17T21:19:48.765:    29: libfabric:64861:1773778788::cxi:ep_data:cxip_fc_notify_cb():8386<warn> nid005002: TXC (0x4e6a:1): dropped FC message: retry_delay_usecs=1000 retry_count=1
2026-03-17T21:19:49.003:    24: libfabric:76347:1773778788::cxi:ep_data:cxip_fc_notify_cb():4310<warn> nid005002: TXC (0x719d:1): dropped FC message: retry_delay_usecs=1000 retry_count=4
2026-03-17T21:19:49.268:    22: libfabric:68157:1773778789::cxi:ep_data:cxip_fc_notify_cb():7579<warn> nid005002: TXC (0xe03c:1): dropped FC message: retry_delay_usecs=1000 retry_count=3
2026-03-17T21:19:49.338:     3: libfabric:41029:1773778789::cxi:ep_data:cxip_fc_notify_cb():4646<warn> nid005002: TXC (0x1811:1): dropped FC message: retry_delay_usecs=1000 retry_count=3
2026-03-17T21:19:49.588:     6: libfabric:11007:1773778789::cxi:ep_data:cxip_fc_notify_cb():9497<warn> nid005002: TXC (0x65f2:1): dropped FC message: retry_delay_usecs=1000 retry_count=8
2026-03-17T21:19:49.828:    13: libfabric:45532:1773778789::cxi:ep_data:cxip_fc_notify_cb():7438<warn> nid005002: TXC (0x6baf:1): dropped FC message: retry_delay_usecs=1000 retry_count=1
2026-03-17T21:19:49.924:    18: libfabric:98833:1773778789::cxi:ep_data:cxip_fc_notify_cb():5844<warn> nid005002: TXC (0xd1bd:1): dropped FC message: retry_delay_usecs=1000 retry_count=1
2026-03-17T21:19:50.174:    15: libfabric:70512:1773778789::cxi:ep_data:cxip_fc_notify_cb():9523<warn> nid005002: TXC (0x2480:1): dropped FC message: retry_delay_usecs=1000 retry_count=2
2026-03-17T21:19:50.238:    23: libfabric:41232:1773778790::cxi:ep_data:cxip_fc_notify_cb():5150<warn> nid005002: TXC (0x1053:1): dropped FC message: retry_delay_usecs=1000 retry_count=6
2026-03-17T21:19:50.381:     4: libfabric:35597:1773778790::cxi:ep_data:cxip_fc_notify_cb():8980<warn> nid005002: TXC (0x34ea:1): dropped FC message: retry_delay_usecs=1000 retry_count=6
2026-03-17T21:19:50.467:    11: libfabric:68382:1773778790::cxi:ep_data:cxip_fc_notify_cb():4407<warn> nid005002: TXC (0x4e55:1): dropped FC message: retry_delay_usecs=1000 retry_count=3
2026-03-17T21:19:50.691:    31: libfabric:87555:1773778790::cxi:ep_data:cxip_fc_notify_cb():8252<warn> nid005002: TXC (0x18fb:1): dropped FC message: retry_delay_usecs=1000 retry_count=8
2026-03-17T21:19:50.962:    12: libfabric:45911:1773778790::cxi:ep_data:cxip_fc_notify_cb():7390<warn> nid005002: TXC (0x8963:1): dropped FC message: retry_delay_usecs=1000 retry_count=3
2026-03-17T21:19:51.129:    12: libfabric:86981:1773778790::cxi:ep_data:cxip_fc_notify_cb():7950<warn> nid005002: TXC (0xedeb:1): dropped FC message: retry_delay_usecs=1000 retry_count=3
2026-03-17T21:19:51.256:     6: libfabric:17020:1773778791::cxi:ep_data:cxip_fc_notify_cb():1907<warn> nid005002: TXC (0x5fc9:1): dropped FC message: retry_delay_usecs=1000 retry_count=4
2026-03-17T21:19:51.366:     4: libfabric:27855:1773778791::cxi:ep_data:cxip_fc_notify_cb():8843<warn> nid005002: TXC (0xf216:1): dropped FC message: retry_delay_usecs=1000 retry_count=2
2026-03-17T21:19:51.560:    21: libfabric:75138:1773778791::cxi:ep_data:cxip_fc_notify_cb():5172<warn> nid005002: TXC (0x1e10:1): dropped FC message: retry_delay_usecs=1000 retry_count=1
2026-03-17T21:19:51.741:    12: libfabric:75364:1773778791::cxi:ep_data:cxip_fc_notify_cb():9493<warn> nid005002: TXC (0xaf7f:1): dropped FC message: retry_delay_usecs=1000 retry_count=4
2026-03-17T21:19:51.995:    31: libfabric:61232:1773778791::cxi:ep_data:cxip_fc_notify_cb():9117<warn> nid005002: TXC (0x9352:1): dropped FC message: retry_delay_usecs=1000 retry_count=8
2026-03-17T21:19:52.122:     9: libfabric:61013:1773778791::cxi:ep_data:cxip_fc_notify_cb():3477<warn> nid005002: TXC (0x1738:1): dropped FC message: retry_delay_usecs=1000 retry_count=6
2026-03-17T21:19:52.304:     3: libfabric:53619:1773778792::cxi:ep_data:cxip_fc_notify_cb():3342<warn> nid005002: TXC (0x1f60:1): dropped FC message: retry_delay_usecs=1000 retry_count=2
2026-03-17T21:19:52.588:    10: libfabric:74226:1773778792::cxi:ep_data:cxip_fc_notify_cb():5668<warn> nid005002: TXC (0x5a27:1): dropped FC message: retry_delay_usecs=1000 retry_count=3
2026-03-17T21:19:52.728:     5: libfabric:32818:1773778792::cxi:ep_data:cxip_fc_notify_cb():2491<warn> nid005002: TXC (0xc4f2:1): dropped FC message: retry_delay_usecs=1000 retry_count=5
2026-03-17T21:19:52.851:    15: libfabric:95990:1773778792::cxi:ep_data:cxip_fc_notify_cb():2505<warn> nid005002: TXC (0x8be2:1): dropped FC message: retry_delay_usecs=1000 retry_count=3
2026-03-17T21:19:52.988:    22: libfabric:53775:1773778792::cxi:ep_data:cxip_fc_notify_cb():9937<warn> nid005002: TXC (0x53b4:1): dropped FC message: retry_delay_usecs=1000 retry_count=2
2026-03-17T21:19:53.113:     7: libfabric:83477:1773778792::cxi:ep_data:cxip_fc_notify_cb():3339<warn> nid005002: TXC (0xaf1c:1): dropped FC message: retry_delay_usecs=1000 retry_count=7
2026-03-17T21:19:53.240:    23: libfabric:16522:1773778793::cxi:ep_data:cxip_fc_notify_cb():2197<warn> nid005002: TXC (0x41f9:1): dropped FC message: retry_delay_usecs=1000 retry_count=8
2026-03-17T21:19:53.434:     5: libfabric:29360:1773778793::cxi:ep_data:cxip_fc_notify_cb():4013<warn> nid005002: TXC (0x2ed2:1): dropped FC message: retry_delay_usecs=1000 retry_count=5
2026-03-17T21:19:53.558:    10: libfabric:91611:1773778793::cxi:ep_data:cxip_fc_notify_cb():2482<warn> nid005002: TXC (0x365c:1): dropped FC message: retry_delay_usecs=1000 retry_count=6
2026-03-17T21:19:53.643:    26: libfabric:19389:1773778793::cxi:ep_data:cxip_fc_notify_cb():4394<warn> nid005002: TXC (0x8229:1): dropped FC message: retry_delay_usecs=1000 retry_count=6
2026-03-17T21:19:53.791:    21: libfabric:26943:1773778793::cxi:ep_data:cxip_fc_notify_cb():3758<warn> nid005002: TXC (0xfc12:1): dropped FC message: retry_delay_usecs=1000 retry_count=2
2026-03-17T21:19:53.861:     3: libfabric:78290:1773778793::cxi:ep_data:cxip_fc_notify_cb():5869<warn> nid005002: TXC (0x90fc:1): dropped FC message: retry_delay_usecs=1000 retry_count=4
2026-03-17T21:19:54.031:    26: libfabric:18696:1773778793::cxi:ep_data:cxip_fc_notify_cb():9048<warn> nid005002: TXC (0x733b:1): dropped FC message: retry_delay_usecs=1000 retry_count=7
2026-03-17T21:19:54.313:     4: libfabric:79524:1773778794::cxi:ep_data:cxip_fc_notify_cb():9287<warn> nid005002: TXC (0xa9c0:1): dropped FC message: retry_delay_usecs=1000 retry_count=2
2026-03-17T21:19:54.583:    25: libfabric:11069:1773778794::cxi:ep_data:cxip_fc_notify_cb():6848<warn> nid005002: TXC (0x678c:1): dropped FC message: retry_delay_usecs=1000 retry_count=5
2026-03-17T21:19:54.806:     7: libfabric:88749:1773778794::cxi:ep_data:cxip_fc_notify_cb():7095<warn> nid005002: TXC (0xae67:1): dropped FC message: retry_delay_usecs=1000 retry_count=8
2026-03-17T21:19:54.936:    16: libfabric:87403:1773778794::cxi:ep_data:cxip_fc_notify_cb():4969<warn> nid005002: TXC (0x5686:1): dropped FC message: retry_delay_usecs=1000 retry_count=1
2026-03-17T21:19:55.110:    31: libfabric:49286:1773778794::cxi:ep_data:cxip_fc_notify_cb():1973<warn> nid005002: TXC (0x9490:1): dropped FC message: retry_delay_usecs=1000 retry_count=3
2026-03-17T21:19:55.195:    26: libfabric:19346:1773778795::cxi:ep_data:cxip_fc_notify_cb():8495<warn> nid005002: TXC (0x3d98:1): dropped FC message: retry_delay_usecs=1000 retry_count=4
2026-03-17T21:19:55.366:     2: libfabric:16626:1773778795::cxi:ep_data:cxip_fc_notify_cb():3318<warn> nid005002: TXC (0x14e8:1): dropped FC message: retry_delay_usecs=1000 retry_count=5
2026-03-17T21:19:55.574:    23: libfabric:53490:1773778795::cxi:ep_data:cxip_fc_notify_cb():8963<warn> nid005002: TXC (0x607b:1): dropped FC message: retry_delay_usecs=1000 retry_count=2
2026-03-17T21:19:55.768:    14: libfabric:74762:1773778795::cxi:ep_data:cxip_fc_notify_cb():2826<warn> nid005002: TXC (0xfe6d:1): dropped FC message: retry_delay_usecs=1000 retry_count=3
2026-03-17T21:19:55.995:    12: libfabric:59033:1773778795::cxi:ep_data:cxip_fc_notify_cb():8040<warn> nid005002: TXC (0x4395:1): dropped FC message: retry_delay_usecs=1000 retry_count=7
2026-03-17T21:19:56.112:    21: libfabric:84477:1773778795::cxi:ep_data:cxip_fc_notify_cb():2868<warn> nid005002: TXC (0xa81c:1): dropped FC message: retry_delay_usecs=1000 retry_count=1
2026-03-17T21:19:56.306:    24: libfabric:61990:1773778796::cxi:ep_data:cxip_fc_notify_cb():7810<warn> nid005002: TXC (0xbaf0:1): dropped FC message: retry_delay_usecs=1000 retry_count=4
2026-03-17T21:19:56.407:     5: libfabric:37530:1773778796::cxi:ep_data:cxip_fc_notify_cb():4387<warn> nid005002: TXC (0x1e3d:1): dropped FC message: retry_delay_usecs=1000 retry_count=2
2026-03-17T21:19:56.568:     3: libfabric:88990:1773778796::cxi:ep_data:cxip_fc_notify_cb():1721<warn> nid005002: TXC (0x77ab:1): dropped FC message: retry_delay_usecs=1000 retry_count=1
2026-03-17T21:19:56.752:    24: libfabric:89199:1773778796::cxi:ep_data:cxip_fc_notify_cb():7235<warn> nid005002: TXC (0x135c:1): dropped FC message: retry_delay_usecs=1000 retry_count=3
2026-03-17T21:19:57.049:     6: libfabric:24999:1773778796::cxi:ep_data:cxip_fc_notify_cb():9622<warn> nid005002: TXC (0xb0a5:1): dropped FC message: retry_delay_usecs=1000 retry_count=6
2026-03-17T21:19:57.196:    19: libfabric:41708:1773778797::cxi:ep_data:cxip_fc_notify_cb():4768<warn> nid005002: TXC (0x9646:1): dropped FC message: retry_delay_usecs=1000 retry_count=6
2026-03-17T21:19:57.442:    29: libfabric:84229:1773778797::cxi:ep_data:cxip_fc_notify_cb():5979<warn> nid005002: TXC (0xd296:1): dropped FC message: retry_delay_usecs=1000 retry_count=7
2026-03-17T21:19:57.711:     4: libfabric:40251:1773778797::cxi:ep_data:cxip_fc_notify_cb():5465<warn> nid005002: TXC (0x96fa:1): dropped FC message: retry_delay_usecs=1000 retry_count=8
2026-03-17T21:19:57.837:    14: libfabric:69675:1773778797::cxi:ep_data:cxip_fc_notify_cb():9273<warn> nid005002: TXC (0xcfdb:1): dropped FC message: retry_delay_usecs=1000 retry_count=6
2026-03-17T21:19:57.889:     6: libfabric:70478:1773778797::cxi:ep_data:cxip_fc_notify_cb():3153<warn> nid005002: TXC (0x64d1:1): dropped FC message: retry_delay_usecs=1000 retry_count=8
2026-03-17T21:19:58.069:    13: libfabric:46658:1773778797::cxi:ep_data:cxip_fc_notify_cb():4826<warn> nid005002: TXC (0x93e5:1): dropped FC message: retry_delay_usecs=1000 retry_count=3
2026-03-17T21:19:58.299:    18: libfabric:43415:1773778798::cxi:ep_data:cxip_fc_notify_cb():9900<warn> nid005002: TXC (0x27b8:1): dropped FC message: retry_delay_usecs=1000 retry_count=6
2026-03-17T21:19:58.359:    18: libfabric:52295:1773778798::cxi:ep_data:cxip_fc_notify_cb():6509<warn> nid005002: TXC (0x559a:1): dropped FC message: retry_delay_usecs=1000 retry_count=8
2026-03-17T21:19:58.447:    28: libfabric:57150:1773778798::cxi:ep_data:cxip_fc_notify_cb():9627<warn> nid005002: TXC (0xa34d:1): dropped FC message: retry_delay_usecs=1000 retry_count=7
2026-03-17T21:19:58.673:    23: libfabric:32699:1773778798::cxi:ep_data:cxip_fc_notify_cb():3069<warn> nid005002: TXC (0xd254:1): dropped FC message: retry_delay_usecs=1000 retry_count=5
2026-03-17T21:19:58.817:     9: libfabric:20783:1773778798::cxi:ep_data:cxip_fc_notify_cb():8570<warn> nid005002: TXC (0x7ddb:1): dropped FC message: retry_delay_usecs=1000 retry_count=7
2026-03-17T21:19:59.012:     8: libfabric:39851:1773778798::cxi:ep_data:cxip_fc_notify_cb():7578<warn> nid005002: TXC (0xb793:1): dropped FC message: retry_delay_usecs=1000 retry_count=6
2026-03-17T21:19:59.281:    26: libfabric:30022:1773778799::cxi:ep_data:cxip_fc_notify_cb():9894<warn> nid005002: TXC (0x8ea8:1): dropped FC message: retry_delay_usecs=1000 retry_count=5
2026-03-17T21:19:59.472:    16: libfabric:68181:1773778799::cxi:ep_data:cxip_fc_notify_cb():7447<warn> nid005002: TXC (0xa8c0:1): dropped FC message: retry_delay_usecs=1000 retry_count=5
2026-03-17T21:19:59.682:    24: libfabric:89688:1773778799::cxi:ep_data:cxip_fc_notify_cb():5100<warn> nid005002: TXC (0x1fff:1): dropped FC message: retry_delay_usecs=1000 retry_count=8
2026-03-17T21:19:59.927:    24: libfabric:64696:1773778799::cxi:ep_data:cxip_fc_notify_cb():2340<warn> nid005002: TXC (0xca48:1): dropped FC message: retry_delay_usecs=1000 retry_count=3
2026-03-17T21:20:00.003:    13: libfabric:75405:1773778799::cxi:ep_data:cxip_fc_notify_cb():5619<warn> nid005002: TXC (0x5c58:1): dropped FC message: retry_delay_usecs=1000 retry_count=1
2026-03-17T21:20:00.267:    13: libfabric:38617:1773778800::cxi:ep_data:cxip_fc_notify_cb():9138<warn> nid005002: TXC (0x6e8c:1): dropped FC message: retry_delay_usecs=1000 retry_count=4
2026-03-17T21:20:00.415:     3: libfabric:12748:1773778800::cxi:ep_data:cxip_fc_notify_cb():7606<warn> nid005002: TXC (0xfa32:1): dropped FC message: retry_delay_usecs=1000 retry_count=2
2026-03-17T21:20:00.499:    23: libfabric:71312:1773778800::cxi:ep_data:cxip_fc_notify_cb():4865<warn> nid005002: TXC (0xf7d7:1): dropped FC message: retry_delay_usecs=1000 retry_count=8
2026-03-17T21:20:00.604:    29: libfabric:65328:1773778800::cxi:ep_data:cxip_fc_notify_cb():1366<warn> nid005002: TXC (0x7c5c:1): dropped FC message: retry_delay_usecs=1000 retry_count=4
2026-03-17T21:20:00.793:    13: libfabric:84857:1773778800::cxi:ep_data:cxip_fc_notify_cb():3255<warn> nid005002: TXC (0x79f3:1): dropped FC message: retry_delay_usecs=1000 retry_count=2
2026-03-17T21:20:01.001:    10: libfabric:30239:1773778800::cxi:ep_data:cxip_fc_notify_cb():1921<warn> nid005002: TXC (0xc8db:1): dropped FC message: retry_delay_usecs=1000 retry_count=3
2026-03-17T21:20:01.056:    11: libfabric:90691:1773778801::cxi:ep_data:cxip_fc_notify_cb():7775<warn> nid005002: TXC (0x928c:1): dropped FC message: retry_delay_usecs=1000 retry_count=8
2026-03-17T21:20:01.178:    18: libfabric:80714:1773778801::cxi:ep_data:cxip_fc_notify_cb():3972<warn> nid005002: TXC (0xbb35:1): dropped FC message: retry_delay_usecs=1000 retry_count=8
2026-03-17T21:20:01.268:    28: libfabric:99822:1773778801::cxi:ep_data:cxip_fc_notify_cb():3013<warn> nid005002: TXC (0x93d6:1): dropped FC message: retry_delay_usecs=1000 retry_count=2
2026-03-17T21:20:01.360:     5: libfabric:64269:1773778801::cxi:ep_data:cxip_fc_notify_cb():8109<warn> nid005002: TXC (0x6fcc:1): dropped FC message: retry_delay_usecs=1000 retry_count=1
2026-03-17T21:20:01.631:    10: libfabric:70133:1773778801::cxi:ep_data:cxip_fc_notify_cb():6408<warn> nid005002: TXC (0xc997:1): dropped FC message: retry_delay_usecs=1000 retry_count=1
2026-03-17T21:20:01.882:     7: libfabric:91002:1773778801::cxi:ep_data:cxip_fc_notify_cb():5203<warn> nid005002: TXC (0xf149:1): dropped FC message: retry_delay_usecs=1000 retry_count=7
2026-03-17T21:20:02.078:    30: libfabric:40052:1773778801::cxi:ep_data:cxip_fc_notify_cb():2506<warn> nid005002: TXC (0xd0b6:1): dropped FC message: retry_delay_usecs=1000 retry_count=2
2026-03-17T21:20:02.265:    26: libfabric:46750:1773778802::cxi:ep_data:cxip_fc_notify_cb():5413<warn> nid005002: TXC (0xd54a:1): dropped FC message: retry_delay_usecs=1000 retry_count=1
2026-03-17T21:20:02.337:    13: libfabric:45533:1773778802::cxi:ep_data:cxip_fc_notify_cb():2444<warn> nid005002: TXC (0xa8b6:1): dropped FC message: retry_delay_usecs=1000 retry_count=8
2026-03-17T21:20:02.442:     5: libfabric:25072:1773778802::cxi:ep_data:cxip_fc_notify_cb():8478<warn> nid005002: TXC (0x2727:1): dropped FC message: retry_delay_usecs=1000 retry_count=3
2026-03-17T21:20:02.562:    15: libfabric:30895:1773778802::cxi:ep_data:cxip_fc_notify_cb():8877<warn> nid005002: TXC (0x6ffc:1): dropped FC message: retry_delay_usecs=1000 retry_count=1
2026-03-17T21:20:02.705:    16: libfabric:66268:1773778802::cxi:ep_data:cxip_fc_notify_cb():9302<warn> nid005002: TXC (0xc932:1): dropped FC message: retry_delay_usecs=1000 retry_count=5
2026-03-17T21:20:02.784:     0: libfabric:46697:1773778802::cxi:ep_data:cxip_fc_notify_cb():1406<warn> nid005002: TXC (0x6df0:1): dropped FC message: retry_delay_usecs=1000 retry_count=5
2026-03-17T21:20:02.914:    31: libfabric:67058:1773778802::cxi:ep_data:cxip_fc_notify_cb():7102<warn> nid005002: TXC (0x9d17:1): dropped FC message: retry_delay_usecs=1000 retry_count=6
2026-03-17T21:20:03.187:    18: libfabric:77865:1773778802::cxi:ep_data:cxip_fc_notify_cb():1808<warn> nid005002: TXC (0xef93:1): dropped FC message: retry_delay_usecs=1000 retry_count=5
2026-03-17T21:20:03.259:     8: libfabric:70416:1773778803::cxi:ep_data:cxip_fc_notify_cb():9489<warn> nid005002: TXC (0x823e:1): dropped FC message: retry_delay_usecs=1000 retry_count=6
2026-03-17T21:20:03.500:    16: libfabric:16995:1773778803::cxi:ep_data:cxip_fc_notify_cb():6792<warn> nid005002: TXC (0xe288:1): dropped FC message: retry_delay_usecs=1000 retry_count=5
2026-03-17T21:20:03.634:     1: libfabric:91771:1773778803::cxi:ep_data:cxip_fc_notify_cb():2502<warn> nid005002: TXC (0x48e2:1): dropped FC message: retry_delay_usecs=1000 retry_count=4
2026-03-17T21:20:03.711:    28: libfabric:44914:1773778803::cxi:ep_data:cxip_fc_notify_cb():2327<warn> nid005002: TXC (0xe526:1): dropped FC message: retry_delay_usecs=1000 retry_count=5
2026-03-17T21:20:03.884:    22: libfabric:65546:1773778803::cxi:ep_data:cxip_fc_notify_cb():1659<warn> nid005002: TXC (0x2860:1): dropped FC message: retry_delay_usecs=1000 retry_count=6
2026-03-17T21:20:04.147:    30: libfabric:91656:1773778803::cxi:ep_data:cxip_fc_notify_cb():1078<warn> nid005002: TXC (0x925e:1): dropped FC message: retry_delay_usecs=1000 retry_count=2
2026-03-17T21:20:04.424:    30: libfabric:82772:1773778804::cxi:ep_data:cxip_fc_notify_cb():9450<warn> nid005002: TXC (0xe36e:1): dropped FC message: retry_delay_usecs=1000 retry_count=6
2026-03-17T21:20:04.713:    20: libfabric:11621:1773778804::cxi:ep_data:cxip_fc_notify_cb():6848<warn> nid005002: TXC (0x9e99:1): dropped FC message: retry_delay_usecs=1000 retry_count=6
2026-03-17T21:20:04.943:     9: libfabric:99694:1773778804::cxi:ep_data:cxip_fc_notify_cb():5331<warn> nid005002: TXC (0xdd93:1): dropped FC message: retry_delay_usecs=1000 retry_count=4
2026-03-17T21:20:05.105:    30: libfabric:59408:1773778804::cxi:ep_data:cxip_fc_notify_cb():9183<warn> nid005002: TXC (0x4d8c:1): dropped FC message: retry_delay_usecs=1000 retry_count=6
2026-03-17T21:20:05.202:    18: libfabric:23603:1773778805::cxi:ep_data:cxip_fc_notify_cb():7924<warn> nid005002: TXC (0xecfa:1): dropped FC message: retry_delay_usecs=1000 retry_count=1
2026-03-17T21:20:05.396:    11: libfabric:92536:1773778805::cxi:ep_data:cxip_fc_notify_cb():7512<warn> nid005002: TXC (0x6d4f:1): dropped FC message: retry_delay_usecs=1000 retry_count=4
2026-03-17T21:20:05.475:     5: libfabric:86042:1773778805::cxi:ep_data:cxip_fc_notify_cb():7340<warn> nid005002: TXC (0x501b:1): dropped FC message: retry_delay_usecs=1000 retry_count=4
2026-03-17T21:20:05.531:     7: libfabric:28231:1773778805::cxi:ep_data:cxip_fc_notify_cb():6393<warn> nid005002: TXC (0xc231:1): dropped FC message: retry_delay_usecs=1000 retry_count=8
2026-03-17T21:20:05.705:    13: libfabric:34610:1773778805::cxi:ep_data:cxip_fc_notify_cb():9308<warn> nid005002: TXC (0xb024:1): dropped FC message: retry_delay_usecs=1000 retry_count=6
2026-03-17T21:20:06.001:     4: libfabric:28220:1773778805::cxi:ep_data:cxip_fc_notify_cb():8594<warn> nid005002: TXC (0x45c6:1): dropped FC message: retry_delay_usecs=1000 retry_count=7
2026-03-17T21:20:06.157:    29: libfabric:64122:1773778806::cxi:ep_data:cxip_fc_notify_cb():9341<warn> nid005002: TXC (0xd204:1): dropped FC message: retry_delay_usecs=1000 retry_count=6
2026-03-17T21:20:06.450:    31: libfabric:26871:1773778806::cxi:ep_data:cxip_fc_notify_cb():1213<warn> nid005002: TXC (0x78bc:1): dropped FC message: retry_delay_usecs=1000 retry_count=5
2026-03-17T21:20:06.736:    17: libfabric:64095:1773778806::cxi:ep_data:cxip_fc_notify_cb():4167<warn> nid005002: TXC (0x2cd1:1): dropped FC message: retry_delay_usecs=1000 retry_count=1
2026-03-17T21:20:06.896:    13: libfabric:70305:1773778806::cxi:ep_data:cxip_fc_notify_cb():4055<warn> nid005002: TXC (0x2b72:1): dropped FC message: retry_delay_usecs=1000 retry_count=5
2026-03-17T21:20:07.012:    20: libfabric:56943:1773778806::cxi:ep_data:cxip_fc_notify_cb():5977<warn> nid005002: TXC (0xf34d:1): dropped FC message: retry_delay_usecs=1000 retry_count=1
2026-03-17T21:20:07.283:     2: libfabric:29472:1773778807::cxi:ep_data:cxip_fc_notify_cb():5708<warn> nid005002: TXC (0x8f4f:1): dropped FC message: retry_delay_usecs=1000 retry_count=8
2026-03-17T21:20:07.569:     2: libfabric:77457:1773778807::cxi:ep_data:cxip_fc_notify_cb():4554<warn> nid005002: TXC (0xebc7:1): dropped FC message: retry_delay_usecs=1000 retry_count=3
2026-03-17T21:20:07.641:     7: libfabric:16928:1773778807::cxi:ep_data:cxip_fc_notify_cb():7435<warn> nid005002: TXC (0x15bd:1): dropped FC message: retry_delay_usecs=1000 retry_count=4
2026-03-17T21:20:07.858:    28: libfabric:69713:1773778807::cxi:ep_data:cxip_fc_notify_cb():8774<warn> nid005002: TXC (0x2b2d:1): dropped FC message: retry_delay_usecs=1000 retry_count=5
2026-03-17T21:20:08.114:     6: libfabric:67532:1773778807::cxi:ep_data:cxip_fc_notify_cb():6293<warn> nid005002: TXC (0x99b2:1): dropped FC message: retry_delay_usecs=1000 retry_count=4
2026-03-17T21:20:08.249:    19: libfabric:80164:1773778808::cxi:ep_data:cxip_fc_notify_cb():9600<warn> nid005002: TXC (0xa3b2:1): dropped FC message: retry_delay_usecs=1000 retry_count=4
2026-03-17T21:20:08.480:     4: libfabric:35446:1773778808::cxi:ep_data:cxip_fc_notify_cb():8173<warn> nid005002: TXC (0xdeff:1): dropped FC message: retry_delay_usecs=1000 retry_count=6
2026-03-17T21:20:08.612:    19: libfabric:92008:1773778808::cxi:ep_data:cxip_fc_notify_cb():2627<warn> nid005002: TXC (0xb270:1): dropped FC message: retry_delay_usecs=1000 retry_count=5
2026-03-17T21:20:08.713:     4: libfabric:74094:1773778808::cxi:ep_data:cxip_fc_notify_cb():5854<warn> nid005002: TXC (0x4c6d:1): dropped FC message: retry_delay_usecs=1000 retry_count=4
2026-03-17T21:20:08.891:     9: libfabric:38024:1773778808::cxi:ep_data:cxip_fc_notify_cb():6026<warn> nid005002: TXC (0x3694:1): dropped FC message: retry_delay_usecs=1000 retry_count=8
2026-03-17T21:20:09.107:     4: libfabric:49591:1773778808::cxi:ep_data:cxip_fc_notify_cb():9718<warn> nid005002: TXC (0x8662:1): dropped FC message: retry_delay_usecs=1000 retry_count=4
2026-03-17T21:20:09.322:     5: libfabric:23243:1773778809::cxi:ep_data:cxip_fc_notify_cb():2894<warn> nid005002: TXC (0x1ee9:1): dropped FC message: retry_delay_usecs=1000 retry_count=1
2026-03-17T21:20:09.541:    31: libfabric:46190:1773778809::cxi:ep_data:cxip_fc_notify_cb():7320<warn> nid005002: TXC (0x6a06:1): dropped FC message: retry_delay_usecs=1000 retry_count=3
2026-03-17T21:20:09.782:    16: libfabric:99829:1773778809::cxi:ep_data:cxip_fc_notify_cb():8414<warn> nid005002: TXC (0x2823:1): dropped FC message: retry_delay_usecs=1000 retry_count=7
2026-03-17T21:20:10.016:    17: libfabric:55442:1773778809::cxi:ep_data:cxip_fc_notify_cb():8392<warn> nid005002: TXC (0xadca:1): dropped FC message: retry_delay_usecs=1000 retry_count=3
2026-03-17T21:20:10.226:    23: libfabric:50811:1773778810::cxi:ep_data:cxip_fc_notify_cb():3877<warn> nid005002: TXC (0x2d01:1): dropped FC message: retry_delay_usecs=1000 retry_count=2
2026-03-17T21:20:10.394:    19: libfabric:54504:1773778810::cxi:ep_data:cxip_fc_notify_cb():1766<warn> nid005002: TXC (0xa480:1): dropped FC message: retry_delay_usecs=1000 retry_count=6
2026-03-17T21:20:10.556:     4: libfabric:40117:1773778810::cxi:ep_data:cxip_fc_notify_cb():4297<warn> nid005002: TXC (0x83bc:1): dropped FC message: retry_delay_usecs=1000 retry_count=8
2026-03-17T21:20:10.636:    26: libfabric:45620:1773778810::cxi:ep_data:cxip_fc_notify_cb():2121<warn> nid005002: TXC (0x5ec9:1): dropped FC message: retry_delay_usecs=1000 retry_count=7
2026-03-17T21:20:10.756:     0: libfabric:61030:1773778810::cxi:ep_data:cxip_fc_notify_cb():6395<warn> nid005002: TXC (0x2066:1): dropped FC message: retry_delay_usecs=1000 retry_count=1
2026-03-17T21:20:10.965:    28: libfabric:79560:1773778810::cxi:ep_data:cxip_fc_notify_cb():4898<warn> nid005002: TXC (0xa83e:1): dropped FC message: retry_delay_usecs=1000 retry_count=8
2026-03-17T21:20:11.028:     1: libfabric:42129:1773778810::cxi:ep_data:cxip_fc_notify_cb():8808<warn> nid005002: TXC (0xa1b7:1): dropped FC message: retry_delay_usecs=1000 retry_count=5
2026-03-17T21:20:11.114:    18: libfabric:48895:1773778811::cxi:ep_data:cxip_fc_notify_cb():7065<warn> nid005002: TXC (0xdec0:1): dropped FC message: retry_delay_usecs=1000 retry_count=7
2026-03-17T21:20:11.344:     0: libfabric:54883:1773778811::cxi:ep_data:cxip_fc_notify_cb():3959<warn> nid005002: TXC (0x815e:1): dropped FC message: retry_delay_usecs=1000 retry_count=4
2026-03-17T21:20:11.548:     0: libfabric:19576:1773778811::cxi:ep_data:cxip_fc_notify_cb():9383<warn> nid005002: TXC (0x17a2:1): dropped FC message: retry_delay_usecs=1000 retry_count=3
2026-03-17T21:20:11.632:     6: libfabric:23877:1773778811::cxi:ep_data:cxip_fc_notify_cb():7808<warn> nid005002: TXC (0x9c6a:1): dropped FC message: retry_delay_usecs=1000 retry_count=4
2026-03-17T21:20:11.731:    17: libfabric:62176:1773778811::cxi:ep_data:cxip_fc_notify_cb():6771<warn> nid005002: TXC (0x3434:1): dropped FC message: retry_delay_usecs=1000 retry_count=5
2026-03-17T21:20:12.024:    12: libfabric:85246:1773778811::cxi:ep_data:cxip_fc_notify_cb():4250<warn> nid005002: TXC (0x60c9:1): dropped FC message: retry_delay_usecs=1000 retry_count=5
2026-03-17T21:20:12.118:     7: libfabric:11359:1773778812::cxi:ep_data:cxip_fc_notify_cb():9297<warn> nid005002: TXC (0xad3f:1): dropped FC message: retry_delay_usecs=1000 retry_count=4
2026-03-17T21:20:12.287:     4: libfabric:10620:1773778812::cxi:ep_data:cxip_fc_notify_cb():2785<warn> nid005002: TXC (0x41b8:1): dropped FC message: retry_delay_usecs=1000 retry_count=7
2026-03-17T21:20:12.378:     2: libfabric:20295:1773778812::cxi:ep_data:cxip_fc_notify_cb():5166<warn> nid005002: TXC (0x7624:1): dropped FC message: retry_delay_usecs=1000 retry_count=2
2026-03-17T21:20:12.494:     7: libfabric:15803:1773778812::cxi:ep_data:cxip_fc_notify_cb():9689<warn> nid005002: TXC (0x42ce:1): dropped FC message: retry_delay_usecs=1000 retry_count=3
2026-03-17T21:20:12.744:     7: libfabric:68499:1773778812::cxi:ep_data:cxip_fc_notify_cb():8185<warn> nid005002: TXC (0xd84a:1): dropped FC message: retry_delay_usecs=1000 retry_count=7
2026-03-17T21:20:12.900:     0: libfabric:20203:1773778812::cxi:ep_data:cxip_fc_notify_cb():5310<warn> nid005002: TXC (0xcd15:1): dropped FC message: retry_delay_usecs=1000 retry_count=2
2026-03-17T21:20:13.161:    16: libfabric:38154:1773778812::cxi:ep_data:cxip_fc_notify_cb():4877<warn> nid005002: TXC (0xafef:1): dropped FC message: retry_delay_usecs=1000 retry_count=7
2026-03-17T21:20:13.316:    21: libfabric:62762:1773778813::cxi:ep_data:cxip_fc_notify_cb():8754<warn> nid005002: TXC (0xb1fb:1): dropped FC message: retry_delay_usecs=1000 retry_count=1
2026-03-17T21:20:13.532:    11: libfabric:89162:1773778813::cxi:ep_data:cxip_fc_notify_cb():4345<warn> nid005002: TXC (0x265b:1): dropped FC message: retry_delay_usecs=1000 retry_count=3
2026-03-17T21:20:13.697:    12: libfabric:46427:1773778813::cxi:ep_data:cxip_fc_notify_cb():8172<warn> nid005002: TXC (0x1db1:1): dropped FC message: retry_delay_usecs=1000 retry_count=7
2026-03-17T21:20:13.798:     2: libfabric:52809:1773778813::cxi:ep_data:cxip_fc_notify_cb():8028<warn> nid005002: TXC (0xf104:1): dropped FC message: retry_delay_usecs=1000 retry_count=5
2026-03-17T21:20:14.087:    19: libfabric:94993:1773778813::cxi:ep_data:cxip_fc_notify_cb():2071<warn> nid005002: TXC (0x8914:1): dropped FC message: retry_delay_usecs=1000 retry_count=3
2026-03-17T21:20:14.210:    30: libfabric:35187:1773778814::cxi:ep_data:cxip_fc_notify_cb():5412<warn> nid005002: TXC (0x72bb:1): dropped FC message: retry_delay_usecs=1000 retry_count=7
2026-03-17T21:20:14.485:     1: libfabric:56492:1773778814::cxi:ep_data:cxip_fc_notify_cb():7102<warn> nid005002: TXC (0xe1a7:1): dropped FC message: retry_delay_usecs=1000 retry_count=2
2026-03-17T21:20:14.768:    11: libfabric:18547:1773778814::cxi:ep_data:cxip_fc_notify_cb():1455<warn> nid005002: TXC (0x1eb7:1): dropped FC message: retry_delay_usecs=1000 retry_count=7
2026-03-17T21:20:14.895:    12: libfabric:45915:1773778814::cxi:ep_data:cxip_fc_notify_cb():6488<warn> nid005002: TXC (0xf694:1): dropped FC message: retry_delay_usecs=1000 retry_count=5
2026-03-17T21:20:15.181:     9: libfabric:68712:1773778814::cxi:ep_data:cxip_fc_notify_cb():7570<warn> nid005002: TXC (0xf48f:1): dropped FC message: retry_delay_usecs=1000 retry_count=6
2026-03-17T21:20:15.338:     0: libfabric:88063:1773778815::cxi:ep_data:cxip_fc_notify_cb():5943<warn> nid005002: TXC (0x35d7:1): dropped FC message: retry_delay_usecs=1000 retry_count=8
2026-03-17T21:20:15.420:    14: libfabric:56545:1773778815::cxi:ep_data:cxip_fc_notify_cb():7239<warn> nid005002: TXC (0xcbf7:1): dropped FC message: retry_delay_usecs=1000 retry_count=4
2026-03-17T21:20:15.707:     5: libfabric:21619:1773778815::cxi:ep_data:cxip_fc_notify_cb():6931<warn> nid005002: TXC (0xc6eb:1): dropped FC message: retry_delay_usecs=1000 retry_count=6
2026-03-17T21:20:15.776:     0: libfabric:62929:1773778815::cxi:ep_data:cxip_fc_notify_cb():2854<warn> nid005002: TXC (0xe76e:1): dropped FC message: retry_delay_usecs=1000 retry_count=8
2026-03-17T21:20:15.946:    10: libfabric:44098:1773778815::cxi:ep_data:cxip_fc_notify_cb():2366<warn> nid005002: TXC (0x22cc:1): dropped FC message: retry_delay_usecs=1000 retry_count=4
2026-03-17T21:20:16.053:    18: libfabric:30544:1773778815::cxi:ep_data:cxip_fc_notify_cb():3818<warn> nid005002: TXC (0x712b:1): dropped FC message: retry_delay_usecs=1000 retry_count=1
2026-03-17T21:20:16.256:    31: libfabric:37186:1773778816::cxi:ep_data:cxip_fc_notify_cb():6937<warn> nid005002: TXC (0xa492:1): dropped FC message: retry_delay_usecs=1000 retry_count=7
2026-03-17T21:20:16.363:    22: libfabric:20038:1773778816::cxi:ep_data:cxip_fc_notify_cb():7164<warn> nid005002: TXC (0xd0fb:1): dropped FC message: retry_delay_usecs=1000 retry_count=4
2026-03-17T21:20:16.499:    18: libfabric:21865:1773778816::cxi:ep_data:cxip_fc_notify_cb():5141<warn> nid005002: TXC (0xd483:1): dropped FC message: retry_delay_usecs=1000 retry_count=3
2026-03-17T21:20:16.718:    14: libfabric:10119:1773778816::cxi:ep_data:cxip_fc_notify_cb():8048<warn> nid005002: TXC (0xdf2d:1): dropped FC message: retry_delay_usecs=1000 retry_count=2
2026-03-17T21:20:16.787:    27: libfabric:49339:1773778816::cxi:ep_data:cxip_fc_notify_cb():6517<warn> nid005002: TXC (0x2c9d:1): dropped FC message: retry_delay_usecs=1000 retry_count=5
2026-03-17T21:20:16.913:     2: libfabric:86707:1773778816::cxi:ep_data:cxip_fc_notify_cb():3777<warn> nid005002: TXC (0xf4af:1): dropped FC message: retry_delay_usecs=1000 retry_count=6
2026-03-17T21:20:17.055:    22: libfabric:92281:1773778816::cxi:ep_data:cxip_fc_notify_cb():3923<warn> nid005002: TXC (0x99d4:1): dropped FC message: retry_delay_usecs=1000 retry_count=3
2026-03-17T21:20:17.224:     4: libfabric:82946:1773778817::cxi:ep_data:cxip_fc_notify_cb():9335<warn> nid005002: TXC (0xe5d2:1): dropped FC message: retry_delay_usecs=1000 retry_count=1
2026-03-17T21:20:17.344:    31: libfabric:38528:1773778817::cxi:ep_data:cxip_fc_notify_cb():5678<warn> nid005002: TXC (0xe7dd:1): dropped FC message: retry_delay_usecs=1000 retry_count=8
2026-03-17T21:20:17.410:    15: libfabric:41184:1773778817::cxi:ep_data:cxip_fc_notify_cb():8060<warn> nid005002: TXC (0xcfc5:1): dropped FC message: retry_delay_usecs=1000 retry_count=3
2026-03-17T21:20:17.536:    19: libfabric:79557:1773778817::cxi:ep_data:cxip_fc_notify_cb():9569<warn> nid005002: TXC (0xe456:1): dropped FC message: retry_delay_usecs=1000 retry_count=5
2026-03-17T21:20:17.806:    29: libfabric:94025:1773778817::cxi:ep_data:cxip_fc_notify_cb():5690<warn> nid005002: TXC (0xa419:1): dropped FC message: retry_delay_usecs=1000 retry_count=5
2026-03-17T21:20:17.876:     4: libfabric:82438:1773778817::cxi:ep_data:cxip_fc_notify_cb():1177<warn> nid005002: TXC (0x82c2:1): dropped FC message: retry_delay_usecs=1000 retry_count=7
2026-03-17T21:20:18.166:    21: libfabric:92559:1773778817::cxi:ep_data:cxip_fc_notify_cb():7669<warn> nid005002: TXC (0xd0e8:1): dropped FC message: retry_delay_usecs=1000 retry_count=6
2026-03-17T21:20:18.357:    29: libfabric:52673:1773778818::cxi:ep_data:cxip_fc_notify_cb():6515<warn> nid005002: TXC (0x7863:1): dropped FC message: retry_delay_usecs=1000 retry_count=4
2026-03-17T21:20:18.649:     3: libfabric:67130:1773778818::cxi:ep_data:cxip_fc_notify_cb():4911<warn> nid005002: TXC (0xa806:1): dropped FC message: retry_delay_usecs=1000 retry_count=3
2026-03-17T21:20:18.871:     8: libfabric:51303:1773778818::cxi:ep_data:cxip_fc_notify_cb():6737<warn> nid005002: TXC (0xb05b:1): dropped FC message: retry_delay_usecs=1000 retry_count=1
2026-03-17T21:20:18.997:     3: libfabric:21736:1773778818::cxi:ep_data:cxip_fc_notify_cb():5260<warn> nid005002: TXC (0x149e:1): dropped FC message: retry_delay_usecs=1000 retry_count=2
2026-03-17T21:20:19.142:     9: libfabric:15906:1773778818::cxi:ep_data:cxip_fc_notify_cb():3867<warn> nid005002: TXC (0x9574:1): dropped FC message: retry_delay_usecs=1000 retry_count=3
2026-03-17T21:20:19.438:    14: libfabric:74689:1773778819::cxi:ep_data:cxip_fc_notify_cb():9146<warn> nid005002: TXC (0xd17c:1): dropped FC message: retry_delay_usecs=1000 retry_count=8
2026-03-17T21:20:19.574:    16: libfabric:40566:1773778819::cxi:ep_data:cxip_fc_notify_cb():5265<warn> nid005002: TXC (0xb977:1): dropped FC message: retry_delay_usecs=1000 retry_count=3
2026-03-17T21:20:19.723:    12: libfabric:61890:1773778819::cxi:ep_data:cxip_fc_notify_cb():2976<warn> nid005002: TXC (0x6760:1): dropped FC message: retry_delay_usecs=1000 retry_count=8
2026-03-17T21:20:19.956:    18: libfabric:52534:1773778819::cxi:ep_data:cxip_fc_notify_cb():7677<warn> nid005002: TXC (0xc518:1): dropped FC message: retry_delay_usecs=1000 retry_count=6
2026-03-17T21:20:20.021:    29: libfabric:10725:1773778819::cxi:ep_data:cxip_fc_notify_cb():8763<warn> nid005002: TXC (0xf4d3:1): dropped FC message: retry_delay_usecs=1000 retry_count=7
2026-03-17T21:20:20.160:    13: libfabric:27964:1773778820::cxi:ep_data:cxip_fc_notify_cb():9862<warn> nid005002: TXC (0x967f:1): dropped FC message: retry_delay_usecs=1000 retry_count=7
2026-03-17T21:20:20.437:     4: libfabric:95879:1773778820::cxi:ep_data:cxip_fc_notify_cb():9459<warn> nid005002: TXC (0xe082:1): dropped FC message: retry_delay_usecs=1000 retry_count=6
2026-03-17T21:20:20.684:    22: libfabric:75187:1773778820::cxi:ep_data:cxip_fc_notify_cb():2365<warn> nid005002: TXC (0xef06:1): dropped FC message: retry_delay_usecs=1000 retry_count=2
2026-03-17T21:20:20.850:    12: libfabric:76135:1773778820::cxi:ep_data:cxip_fc_notify_cb():2902<warn> nid005002: TXC (0xf3f3:1): dropped FC message: retry_delay_usecs=1000 retry_count=5
2026-03-17T21:20:20.999:     4: libfabric:38115:1773778820::cxi:ep_data:cxip_fc_notify_cb():1671<warn> nid005002: TXC (0x52a1:1): dropped FC message: retry_delay_usecs=1000 retry_count=1
2026-03-17T21:20:21.225:    22: libfabric:35337:1773778820::cxi:ep_data:cxip_fc_notify_cb():8848<warn> nid005002: TXC (0x740a:1): dropped FC message: retry_delay_usecs=1000 retry_count=3
2026-03-17T21:20:21.282:     4: libfabric:30079:1773778821::cxi:ep_data:cxip_fc_notify_cb():5855<warn> nid005002: TXC (0x7cfe:1): dropped FC message: retry_delay_usecs=1000 retry_count=5
2026-03-17T21:20:21.394:    29: libfabric:92648:1773778821::cxi:ep_data:cxip_fc_notify_cb():2244<warn> nid005002: TXC (0x27b4:1): dropped FC message: retry_delay_usecs=1000 retry_count=5
2026-03-17T21:20:21.572:     4: libfabric:61489:1773778821::cxi:ep_data:cxip_fc_notify_cb():2963<warn> nid005002: TXC (0x8383:1): dropped FC message: retry_delay_usecs=1000 retry_count=6
2026-03-17T21:20:21.712:    23: libfabric:30291:1773778821::cxi:ep_data:cxip_fc_notify_cb():9846<warn> nid005002: TXC (0x605b:1): dropped FC message: retry_delay_usecs=1000 retry_count=1
2026-03-17T21:20:21.784:     6: libfabric:42833:1773778821::cxi:ep_data:cxip_fc_notify_cb():4088<warn> nid005002: TXC (0xd306:1): dropped FC message: retry_delay_usecs=1000 retry_count=2
2026-03-17T21:20:21.866:    29: libfabric:57868:1773778821::cxi:ep_data:cxip_fc_notify_cb():2632<warn> nid005002: TXC (0x4aa3:1): dropped FC message: retry_delay_usecs=1000 retry_count=2
2026-03-17T21:20:22.076:    24: libfabric:73266:1773778821::cxi:ep_data:cxip_fc_notify_cb():5618<warn> nid005002: TXC (0x3ddc:1): dropped FC message: retry_delay_usecs=1000 retry_count=1
2026-03-17T21:20:22.176:    27: libfabric:73413:1773778822::cxi:ep_data:cxip_fc_notify_cb():7527<warn> nid005002: TXC (0x8425:1): dropped FC message: retry_delay_usecs=1000 retry_count=2
2026-03-17T21:20:22.341:     7: libfabric:75521:1773778822::cxi:ep_data:cxip_fc_notify_cb():1781<warn> nid005002: TXC (0xbc23:1): dropped FC message: retry_delay_usecs=1000 retry_count=1
2026-03-17T21:20:22.403:     1: libfabric:63540:1773778822::cxi:ep_data:cxip_fc_notify_cb():7755<warn> nid005002: TXC (0x62f3:1): dropped FC message: retry_delay_usecs=1000 retry_count=6
2026-03-17T21:20:22.547:     8: libfabric:37457:1773778822::cxi:ep_data:cxip_fc_notify_cb():3082<warn> nid005002: TXC (0x7fc5:1): dropped FC message: retry_delay_usecs=1000 retry_count=5
2026-03-17T21:20:22.604:    17: libfabric:38580:1773778822::cxi:ep_data:cxip_fc_notify_cb():3617<warn> nid005002: TXC (0x1bfe:1): dropped FC message: retry_delay_usecs=1000 retry_count=7
2026-03-17T21:20:22.741:    31: libfabric:92435:1773778822::cxi:ep_data:cxip_fc_notify_cb():4912<warn> nid005002: TXC (0x7a08:1): dropped FC message: retry_delay_usecs=1000 retry_count=3
2026-03-17T21:20:22.803:     5: libfabric:55192:1773778822::cxi:ep_data:cxip_fc_notify_cb():7204<warn> nid005002: TXC (0xd6aa:1): dropped FC message: retry_delay_usecs=1000 retry_count=2
2026-03-17T21:20:23.065:    16: libfabric:32900:1773778822::cxi:ep_data:cxip_fc_notify_cb():7621<warn> nid005002: TXC (0x7c73:1): dropped FC message: retry_delay_usecs=1000 retry_count=7
2026-03-17T21:20:23.302:    28: libfabric:90629:1773778823::cxi:ep_data:cxip_fc_notify_cb():2140<warn> nid005002: TXC (0x2f4c:1): dropped FC message: retry_delay_usecs=1000 retry_count=3
2026-03-17T21:20:23.495:     8: libfabric:87541:1773778823::cxi:ep_data:cxip_fc_notify_cb():3887<warn> nid005002: TXC (0x8e70:1): dropped FC message: retry_delay_usecs=1000 retry_count=6
2026-03-17T21:20:23.764:    13: libfabric:19346:1773778823::cxi:ep_data:cxip_fc_notify_cb():5309<warn> nid005002: TXC (0x2129:1): dropped FC message: retry_delay_usecs=1000 retry_count=4
2026-03-17T21:20:23.954:     4: libfabric:98251:1773778823::cxi:ep_data:cxip_fc_notify_cb():9705<warn> nid005002: TXC (0xdea6:1): dropped FC message: retry_delay_usecs=1000 retry_count=8
2026-03-17T21:20:24.183:     7: libfabric:49735:1773778823::cxi:ep_data:cxip_fc_notify_cb():5126<warn> nid005002: TXC (0x810a:1): dropped FC message: retry_delay_usecs=1000 retry_count=7
2026-03-17T21:20:24.481:    18: libfabric:29973:1773778824::cxi:ep_data:cxip_fc_notify_cb():5460<warn> nid005002: TXC (0xbf7b:1): dropped FC message: retry_delay_usecs=1000 retry_count=5
2026-03-17T21:20:24.718:    30: libfabric:16382:1773778824::cxi:ep_data:cxip_fc_notify_cb():6934<warn> nid005002: TXC (0x35bd:1): dropped FC message: retry_delay_usecs=1000 retry_count=6
2026-03-17T21:20:24.859:    19: libfabric:38728:1773778824::cxi:ep_data:cxip_fc_notify_cb():5369<warn> nid005002: TXC (0x58a5:1): dropped FC message: retry_delay_usecs=1000 retry_count=6
2026-03-17T21:20:25.005:    24: libfabric:20545:1773778824::cxi:ep_data:cxip_fc_notify_cb():6912<warn> nid005002: TXC (0x59ea:1): dropped FC message: retry_delay_usecs=1000 retry_count=6
2026-03-17T21:20:25.213:    21: libfabric:59695:1773778825::cxi:ep_data:cxip_fc_notify_cb():8209<warn> nid005002: TXC (0x3148:1): dropped FC message: retry_delay_usecs=1000 retry_count=7
2026-03-17T21:20:25.469:    23: libfabric:33517:1773778825::cxi:ep_data:cxip_fc_notify_cb():3224<warn> nid005002: TXC (0xa928:1): dropped FC message: retry_delay_usecs=1000 retry_count=6
2026-03-17T21:20:25.592:    24: libfabric:44812:1773778825::cxi:ep_data:cxip_fc_notify_cb():7178<warn> nid005002: TXC (0x5306:1): dropped FC message: retry_delay_usecs=1000 retry_count=3
2026-03-17T21:20:25.660:    22: libfabric:94793:1773778825::cxi:ep_data:cxip_fc_notify_cb():4534<warn> nid005002: TXC (0xc8a8:1): dropped FC message: retry_delay_usecs=1000 retry_count=8
2026-03-17T21:20:25.923:     9: libfabric:36322:1773778825::cxi:ep_data:cxip_fc_notify_cb():6318<warn> nid005002: TXC (0x48cf:1): dropped FC message: retry_delay_usecs=1000 retry_count=4
2026-03-17T21:20:26.027:    15: libfabric:99915:1773778825::cxi:ep_data:cxip_fc_notify_cb():9250<warn> nid005002: TXC (0x3f7b:1): dropped FC message: retry_delay_usecs=1000 retry_count=3
2026-03-17T21:20:26.281:    30: libfabric:62259:1773778826::cxi:ep_data:cxip_fc_notify_cb():5205<warn> nid005002: TXC (0x53f7:1): dropped FC message: retry_delay_usecs=1000 retry_count=8
2026-03-17T21:20:26.385:    14: libfabric:89895:1773778826::cxi:ep_data:cxip_fc_notify_cb():7848<warn> nid005002: TXC (0x1941:1): dropped FC message: retry_delay_usecs=1000 retry_count=8
2026-03-17T21:20:26.475:    27: libfabric:36369:1773778826::cxi:ep_data:cxip_fc_notify_cb():9490<warn> nid005002: TXC (0x26e4:1): dropped FC message: retry_delay_usecs=1000 retry_count=7
2026-03-17T21:20:26.730:    14: libfabric:10905:1773778826::cxi:ep_data:cxip_fc_notify_cb():1587<warn> nid005002: TXC (0x89b8:1): dropped FC message: retry_delay_usecs=1000 retry_count=3
2026-03-17T21:20:26.948:    10: libfabric:31645:1773778826::cxi:ep_data:cxip_fc_notify_cb():2744<warn> nid005002: TXC (0xce30:1): dropped FC message: retry_delay_usecs=1000 retry_count=3
2026-03-17T21:20:27.078:    12: libfabric:62013:1773778826::cxi:ep_data:cxip_fc_notify_cb():4121<warn> nid005002: TXC (0x4e96:1): dropped FC message: retry_delay_usecs=1000 retry_count=4
2026-03-17T21:20:27.363:     5: libfabric:25946:1773778827::cxi:ep_data:cxip_fc_notify_cb():6634<warn> nid005002: TXC (0xeb72:1): dropped FC message: retry_delay_usecs=1000 retry_count=4
2026-03-17T21:20:27.459:    31: libfabric:61764:1773778827::cxi:ep_data:cxip_fc_notify_cb():3632<warn> nid005002: TXC (0xe981:1): dropped FC message: retry_delay_usecs=1000 retry_count=8
2026-03-17T21:20:27.553:     5: libfabric:61044:1773778827::cxi:ep_data:cxip_fc_notify_cb():8140<warn> nid005002: TXC (0x5799:1): dropped FC message: retry_delay_usecs=1000 retry_count=8
2026-03-17T21:20:27.655:    17: libfabric:20173:1773778827::cxi:ep_data:cxip_fc_notify_cb():8940<warn> nid005002: TXC (0xc725:1): dropped FC message: retry_delay_usecs=1000 retry_count=3
2026-03-17T21:20:27.852:    22: libfabric:42430:1773778827::cxi:ep_data:cxip_fc_notify_cb():5197<warn> nid005002: TXC (0xf258:1): dropped FC message: retry_delay_usecs=1000 retry_count=6
2026-03-17T21:20:28.147:    13: libfabric:57406:1773778827::cxi:ep_data:cxip_fc_notify_cb():5476<warn> nid005002: TXC (0x8154:1): dropped FC message: retry_delay_usecs=1000 retry_count=4
2026-03-17T21:20:28.297:    25: libfabric:46766:1773778828::cxi:ep_data:cxip_fc_notify_cb():6870<warn> nid005002: TXC (0x136e:1): dropped FC message: retry_delay_usecs=1000 retry_count=7
2026-03-17T21:20:28.357:    23: libfabric:33734:1773778828::cxi:ep_data:cxip_fc_notify_cb():4694<warn> nid005002: TXC (0x635a:1): dropped FC message: retry_delay_usecs=1000 retry_count=3
2026-03-17T21:20:28.428:    21: libfabric:93641:1773778828::cxi:ep_data:cxip_fc_notify_cb():4426<warn> nid005002: TXC (0x101b:1): dropped FC message: retry_delay_usecs=1000 retry_count=7
2026-03-17T21:20:28.632:     3: libfabric:46372:1773778828::cxi:ep_data:cxip_fc_notify_cb():8560<warn> nid005002: TXC (0x12cb:1): dropped FC message: retry_delay_usecs=1000 retry_count=4
2026-03-17T21:20:28.822:     4: libfabric:16811:1773778828::cxi:ep_data:cxip_fc_notify_cb():4818<warn> nid005002: TXC (0x5b58:1): dropped FC message: retry_delay_usecs=1000 retry_count=7
2026-03-17T21:20:28.991:    21: libfabric:91434:1773778828::cxi:ep_data:cxip_fc_notify_cb():4333<warn> nid005002: TXC (0x6eb2:1): dropped FC message: retry_delay_usecs=1000 retry_count=2
2026-03-17T21:20:29.099:    12: libfabric:56910:1773778828::cxi:ep_data:cxip_fc_notify_cb():1724<warn> nid005002: TXC (0x863c:1): dropped FC message: retry_delay_usecs=1000 retry_count=1
2026-03-17T21:20:29.290:    22: libfabric:59880:1773778829::cxi:ep_data:cxip_fc_notify_cb():3021<warn> nid005002: TXC (0x78e5:1): dropped FC message: retry_delay_usecs=1000 retry_count=1
2026-03-17T21:20:29.455:    15: libfabric:83538:1773778829::cxi:ep_data:cxip_fc_notify_cb():6290<warn> nid005002: TXC (0x7895:1): dropped FC message: retry_delay_usecs=1000 retry_count=2
2026-03-17T21:20:29.578:     4: libfabric:92822:1773778829::cxi:ep_data:cxip_fc_notify_cb():5516<warn> nid005002: TXC (0xf6c0:1): dropped FC message: retry_delay_usecs=1000 retry_count=7
2026-03-17T21:20:29.657:     1: libfabric:37887:1773778829::cxi:ep_data:cxip_fc_notify_cb():8660<warn> nid005002: TXC (0x8812:1): dropped FC message: retry_delay_usecs=1000 retry_count=6
2026-03-17T21:20:29.837:     5: libfabric:39038:1773778829::cxi:ep_data:cxip_fc_notify_cb():1124<warn> nid005002: TXC (0x9cac:1): dropped FC message: retry_delay_usecs=1000 retry_count=2
2026-03-17T21:20:30.081:     7: libfabric:94951:1773778829::cxi:ep_data:cxip_fc_notify_cb():6099<warn> nid005002: TXC (0x831a:1): dropped FC message: retry_delay_usecs=1000 retry_count=6
2026-03-17T21:20:30.275:    25: libfabric:55108:1773778830::cxi:ep_data:cxip_fc_notify_cb():2887<warn> nid005002: TXC (0xc4c1:1): dropped FC message: retry_delay_usecs=1000 retry_count=8
2026-03-17T21:20:30.539:    17: libfabric:23896:1773778830::cxi:ep_data:cxip_fc_notify_cb():2727<warn> nid005002: TXC (0x3dff:1): dropped FC message: retry_delay_usecs=1000 retry_count=1
2026-03-17T21:20:30.747:     2: libfabric:41991:1773778830::cxi:ep_data:cxip_fc_notify_cb():2098<warn> nid005002: TXC (0x177c:1): dropped FC message: retry_delay_usecs=1000 retry_count=1
2026-03-17T21:20:30.992:    10: libfabric:17233:1773778830::cxi:ep_data:cxip_fc_notify_cb():9483<warn> nid005002: TXC (0xbff4:1): dropped FC message: retry_delay_usecs=1000 retry_count=8
2026-03-17T21:20:31.290:    27: libfabric:26798:1773778830::cxi:ep_data:cxip_fc_notify_cb():9233<warn> nid005002: TXC (0x5ca3:1): dropped FC message: retry_delay_usecs=1000 retry_count=8
2026-03-17T21:20:31.588:    10: libfabric:85478:1773778831::cxi:ep_data:cxip_fc_notify_cb():5607<warn> nid005002: TXC (0xf5d4:1): dropped FC message: retry_delay_usecs=1000 retry_count=3
2026-03-17T21:20:31.727:    19: libfabric:81894:1773778831::cxi:ep_data:cxip_fc_notify_cb():6933<warn> nid005002: TXC (0xec19:1): dropped FC message: retry_delay_usecs=1000 retry_count=3
2026-03-17T21:20:31.869:     8: libfabric:91667:1773778831::cxi:ep_data:cxip_fc_notify_cb():1315<warn> nid005002: TXC (0x1e00:1): dropped FC message: retry_delay_usecs=1000 retry_count=2
2026-03-17T21:20:31.948:    23: libfabric:92626:1773778831::cxi:ep_data:cxip_fc_notify_cb():3645<warn> nid005002: TXC (0x3b5e:1): dropped FC message: retry_delay_usecs=1000 retry_count=6
2026-03-17T21:20:32.050:    15: libfabric:16259:1773778831::cxi:ep_data:cxip_fc_notify_cb():8505<warn> nid005002: TXC (0x9398:1): dropped FC message: retry_delay_usecs=1000 retry_count=1
2026-03-17T21:20:32.253:     9: libfabric:64052:1773778832::cxi:ep_data:cxip_fc_notify_cb():8431<warn> nid005002: TXC (0x9585:1): dropped FC message: retry_delay_usecs=1000 retry_count=4
2026-03-17T21:20:32.470:    14: libfabric:58935:1773778832::cxi:ep_data:cxip_fc_notify_cb():1705<warn> nid005002: TXC (0xc2c3:1): dropped FC message: retry_delay_usecs=1000 retry_count=2
2026-03-17T21:20:32.730:     0: libfabric:11835:1773778832::cxi:ep_data:cxip_fc_notify_cb():6801<warn> nid005002: TXC (0xbe69:1): dropped FC message: retry_delay_usecs=1000 retry_count=6
2026-03-17T21:20:32.830:    29: libfabric:34419:1773778832::cxi:ep_data:cxip_fc_notify_cb():6948<warn> nid005002: TXC (0x9044:1): dropped FC message: retry_delay_usecs=1000 retry_count=5
2026-03-17T21:20:33.081:     4: libfabric:12282:1773778832::cxi:ep_data:cxip_fc_notify_cb():1857<warn> nid005002: TXC (0xe440:1): dropped FC message: retry_delay_usecs=1000 retry_count=5
2026-03-17T21:20:33.185:     3: libfabric:46067:1773778833::cxi:ep_data:cxip_fc_notify_cb():7400<warn> nid005002: TXC (0x7183:1): dropped FC message: retry_delay_usecs=1000 retry_count=6
2026-03-17T21:20:33.300:     7: libfabric:62344:1773778833::cxi:ep_data:cxip_fc_notify_cb():5601<warn> nid005002: TXC (0x646a:1): dropped FC message: retry_delay_usecs=1000 retry_count=8
2026-03-17T21:20:33.445:    12: libfabric:17636:1773778833::cxi:ep_data:cxip_fc_notify_cb():5571<warn> nid005002: TXC (0xef42:1): dropped FC message: retry_delay_usecs=1000 retry_count=7
2026-03-17T21:20:33.678:    17: libfabric:32012:1773778833::cxi:ep_data:cxip_fc_notify_cb():7475<warn> nid005002: TXC (0x1715:1): dropped FC message: retry_delay_usecs=1000 retry_count=1
2026-03-17T21:20:33.782:    20: libfabric:29228:1773778833::cxi:ep_data:cxip_fc_notify_cb():9831<warn> nid005002: TXC (0x390e:1): dropped FC message: retry_delay_usecs=1000 retry_count=8
2026-03-17T21:20:34.044:     8: libfabric:39964:1773778833::cxi:ep_data:cxip_fc_notify_cb():3476<warn> nid005002: TXC (0xf22d:1): dropped FC message: retry_delay_usecs=1000 retry_count=4
2026-03-17T21:20:34.189:    30: libfabric:61002:1773778834::cxi:ep_data:cxip_fc_notify_cb():2221<warn> nid005002: TXC (0x44e6:1): dropped FC message: retry_delay_usecs=1000 retry_count=8
2026-03-17T21:20:34.418:    28: libfabric:98771:1773778834::cxi:ep_data:cxip_fc_notify_cb():4508<warn> nid005002: TXC (0x1762:1): dropped FC message: retry_delay_usecs=1000 retry_count=1
2026-03-17T21:20:34.703:    17: libfabric:32900:1773778834::cxi:ep_data:cxip_fc_notify_cb():1478<warn> nid005002: TXC (0x51f1:1): dropped FC message: retry_delay_usecs=1000 retry_count=8
2026-03-17T21:20:34.904:    15: libfabric:37917:1773778834::cxi:ep_data:cxip_fc_notify_cb():5882<warn> nid005002: TXC (0x38a1:1): dropped FC message: retry_delay_usecs=1000 retry_count=3
2026-03-17T21:20:34.982:     3: libfabric:36604:1773778834::cxi:ep_data:cxip_fc_notify_cb():1066<warn> nid005002: TXC (0x53fa:1): dropped FC message: retry_delay_usecs=1000 retry_count=4
2026-03-17T21:20:35.227:    26: libfabric:32739:1773778834::cxi:ep_data:cxip_fc_notify_cb():1371<warn> nid005002: TXC (0xdfdf:1): dropped FC message: retry_delay_usecs=1000 retry_count=4
2026-03-17T21:20:35.390:    31: libfabric:30466:1773778835::cxi:ep_data:cxip_fc_notify_cb():8488<warn> nid005002: TXC (0xb0b3:1): dropped FC message: retry_delay_usecs=1000 retry_count=5
2026-03-17T21:20:35.598:     7: libfabric:67396:1773778835::cxi:ep_data:cxip_fc_notify_cb():8756<warn> nid005002: TXC (0x9089:1): dropped FC message: retry_delay_usecs=1000 retry_count=6
2026-03-17T21:20:35.703:    10: libfabric:11356:1773778835::cxi:ep_data:cxip_fc_notify_cb():3662<warn> nid005002: TXC (0x8004:1): dropped FC message: retry_delay_usecs=1000 retry_count=5
2026-03-17T21:20:35.988:    17: libfabric:55748:1773778835::cxi:ep_data:cxip_fc_notify_cb():3925<warn> nid005002: TXC (0x5eae:1): dropped FC message: retry_delay_usecs=1000 retry_count=3
2026-03-17T21:20:36.264:     3: libfabric:47739:1773778835::cxi:ep_data:cxip_fc_notify_cb():3277<warn> nid005002: TXC (0xdca6:1): dropped FC message: retry_delay_usecs=1000 retry_count=3
2026-03-17T21:20:36.544:     0: libfabric:48751:1773778836::cxi:ep_data:cxip_fc_notify_cb():9327<warn> nid005002: TXC (0x76ad:1): dropped FC message: retry_delay_usecs=1000 retry_count=2
2026-03-17T21:20:36.656:     4: libfabric:59797:1773778836::cxi:ep_data:cxip_fc_notify_cb():2572<warn> nid005002: TXC (0x71df:1): dropped FC message: retry_delay_usecs=1000 retry_count=5
2026-03-17T21:20:36.765:    18: libfabric:20260:1773778836::cxi:ep_data:cxip_fc_notify_cb():2383<warn> nid005002: TXC (0x3d98:1): dropped FC message: retry_delay_usecs=1000 retry_count=7
2026-03-17T21:20:37.044:    17: libfabric:99237:1773778836::cxi:ep_data:cxip_fc_notify_cb():1523<warn> nid005002: TXC (0x88ac:1): dropped FC message: retry_delay_usecs=1000 retry_count=4
2026-03-17T21:20:37.337:     0: libfabric:67094:1773778837::cxi:ep_data:cxip_fc_notify_cb():3155<warn> nid005002: TXC (0xb473:1): dropped FC message: retry_delay_usecs=1000 retry_count=3
2026-03-17T21:20:37.419:    15: libfabric:83905:1773778837::cxi:ep_data:cxip_fc_notify_cb():9003<warn> nid005002: TXC (0xf43e:1): dropped FC message: retry_delay_usecs=1000 retry_count=5
2026-03-17T21:20:37.536:     6: libfabric:78832:1773778837::cxi:ep_data:cxip_fc_notify_cb():9982<warn> nid005002: TXC (0x6e88:1): dropped FC message: retry_delay_usecs=1000 retry_count=4
2026-03-17T21:20:37.589:    13: libfabric:84800:1773778837::cxi:ep_data:cxip_fc_notify_cb():9346<warn> nid005002: TXC (0x5393:1): dropped FC message: retry_delay_usecs=1000 retry_count=7
2026-03-17T21:20:37.857:     3: libfabric:42132:1773778837::cxi:ep_data:cxip_fc_notify_cb():8002<warn> nid005002: TXC (0xa9c8:1): dropped FC message: retry_delay_usecs=1000 retry_count=4
2026-03-17T21:20:38.019:    13: libfabric:39484:1773778837::cxi:ep_data:cxip_fc_notify_cb():8496<warn> nid005002: TXC (0x2d03:1): dropped FC message: retry_delay_usecs=1000 retry_count=8
2026-03-17T21:20:38.115:    15: libfabric:87124:1773778838::cxi:ep_data:cxip_fc_notify_cb():6683<warn> nid005002: TXC (0x9b7e:1): dropped FC message: retry_delay_usecs=1000 retry_count=4
2026-03-17T21:20:38.189:    29: libfabric:89894:1773778838::cxi:ep_data:cxip_fc_notify_cb():6010<warn> nid005002: TXC (0x5b4d:1): dropped FC message: retry_delay_usecs=1000 retry_count=4
2026-03-17T21:20:38.347:    18: libfabric:56506:1773778838::cxi:ep_data:cxip_fc_notify_cb():7273<warn> nid005002: TXC (0xce31:1): dropped FC message: retry_delay_usecs=1000 retry_count=8
2026-03-17T21:20:38.462:    16: libfabric:90730:1773778838::cxi:ep_data:cxip_fc_notify_cb():6601<warn> nid005002: TXC (0x5411:1): dropped FC message: retry_delay_usecs=1000 retry_count=1
2026-03-17T21:20:38.652:    14: libfabric:19270:1773778838::cxi:ep_data:cxip_fc_notify_cb():8063<warn> nid005002: TXC (0xff8c:1): dropped FC message: retry_delay_usecs=1000 retry_count=5
2026-03-17T21:20:38.791:    15: libfabric:11060:1773778838::cxi:ep_data:cxip_fc_notify_cb():5522<warn> nid005002: TXC (0xe420:1): dropped FC message: retry_delay_usecs=1000 retry_count=7
2026-03-17T21:20:38.992:    11: libfabric:50108:1773778838::cxi:ep_data:cxip_fc_notify_cb():2178<warn> nid005002: TXC (0x9ee3:1): dropped FC message: retry_delay_usecs=1000 retry_count=2
2026-03-17T21:20:39.137:     5: libfabric:26890:1773778838::cxi:ep_data:cxip_fc_notify_cb():7745<warn> nid005002: TXC (0xa724:1): dropped FC message: retry_delay_usecs=1000 retry_count=7
2026-03-17T21:20:39.356:    24: libfabric:39256:1773778839::cxi:ep_data:cxip_fc_notify_cb():4013<warn> nid005002: TXC (0x208f:1): dropped FC message: retry_delay_usecs=1000 retry_count=4
2026-03-17T21:20:39.522:    26: libfabric:45018:1773778839::cxi:ep_data:cxip_fc_notify_cb():7595<warn> nid005002: TXC (0x3fda:1): dropped FC message: retry_delay_usecs=1000 retry_count=7
2026-03-17T21:20:39.697:    18: libfabric:18764:1773778839::cxi:ep_data:cxip_fc_notify_cb():8808<warn> nid005002: TXC (0xa605:1): dropped FC message: retry_delay_usecs=1000 retry_count=5
2026-03-17T21:20:39.806:     7: libfabric:86731:1773778839::cxi:ep_data:cxip_fc_notify_cb():3973<warn> nid005002: TXC (0x4ae3:1): dropped FC message: retry_delay_usecs=1000 retry_count=5
2026-03-17T21:20:39.952:    17: libfabric:45745:1773778839::cxi:ep_data:cxip_fc_notify_cb():8334<warn> nid005002: TXC (0xe58d:1): dropped FC message: retry_delay_usecs=1000 retry_count=2
2026-03-17T21:20:40.151:    15: libfabric:92912:1773778839::cxi:ep_data:cxip_fc_notify_cb():7245<warn> nid005002: TXC (0x457e:1): dropped FC message: retry_delay_usecs=1000 retry_count=3
2026-03-17T21:20:40.341:     6: libfabric:23368:1773778840::cxi:ep_data:cxip_fc_notify_cb():1169<warn> nid005002: TXC (0x1872:1): dropped FC message: retry_delay_usecs=1000 retry_count=3
2026-03-17T21:20:40.505:    20: libfabric:22004:1773778840::cxi:ep_data:cxip_fc_notify_cb():7728<warn> nid005002: TXC (0x20f3:1): dropped FC message: retry_delay_usecs=1000 retry_count=3
2026-03-17T21:20:40.755:    21: libfabric:91628:1773778840::cxi:ep_data:cxip_fc_notify_cb():6809<warn> nid005002: TXC (0x1998:1): dropped FC message: retry_delay_usecs=1000 retry_count=3
2026-03-17T21:20:40.901:    28: libfabric:40850:1773778840::cxi:ep_data:cxip_fc_notify_cb():9884<warn> nid005002: TXC (0xbd27:1): dropped FC message: retry_delay_usecs=1000 retry_count=5
2026-03-17T21:20:41.042:    18: libfabric:40471:1773778840::cxi:ep_data:cxip_fc_notify_cb():6817<warn> nid005002: TXC (0xc0e8:1): dropped FC message: retry_delay_usecs=1000 retry_count=8
2026-03-17T21:20:41.236:    23: libfabric:58221:1773778841::cxi:ep_data:cxip_fc_notify_cb():7948<warn> nid005002: TXC (0x67c6:1): dropped FC message: retry_delay_usecs=1000 retry_count=3
2026-03-17T21:20:41.362:    26: libfabric:29459:1773778841::cxi:ep_data:cxip_fc_notify_cb():9560<warn> nid005002: TXC (0xeb42:1): dropped FC message: retry_delay_usecs=1000 retry_count=6
2026-03-17T21:20:41.438:    10: libfabric:76574:1773778841::cxi:ep_data:cxip_fc_notify_cb():2278<warn> nid005002: TXC (0xbe02:1): dropped FC message: retry_delay_usecs=1000 retry_count=4
2026-03-17T21:20:41.546:    26: libfabric:58557:1773778841::cxi:ep_data:cxip_fc_notify_cb():5645<warn> nid005002: TXC (0xb2e0:1): dropped FC message: retry_delay_usecs=1000 retry_count=8
2026-03-17T21:20:41.788:    25: libfabric:67464:1773778841::cxi:ep_data:cxip_fc_notify_cb():2935<warn> nid005002: TXC (0xa3d1:1): dropped FC message: retry_delay_usecs=1000 retry_count=5
2026-03-17T21:20:42.068:     8: libfabric:59407:1773778841::cxi:ep_data:cxip_fc_notify_cb():6690<warn> nid005002: TXC (0x9d6c:1): dropped FC message: retry_delay_usecs=1000 retry_count=6
2026-03-17T21:20:42.269:    16: libfabric:38994:1773778842::cxi:ep_data:cxip_fc_notify_cb():7473<warn> nid005002: TXC (0x816a:1): dropped FC message: retry_delay_usecs=1000 retry_count=4
2026-03-17T21:20:42.356:     3: libfabric:72727:1773778842::cxi:ep_data:cxip_fc_notify_cb():3443<warn> nid005002: TXC (0x8989:1): dropped FC message: retry_delay_usecs=1000 retry_count=2
2026-03-17T21:20:42.478:     1: libfabric:70878:1773778842::cxi:ep_data:cxip_fc_notify_cb():9431<warn> nid005002: TXC (0x4c0b:1): dropped FC message: retry_delay_usecs=1000 retry_count=5
2026-03-17T21:20:42.692:    19: libfabric:60848:1773778842::cxi:ep_data:cxip_fc_notify_cb():5201<warn> nid005002: TXC (0xbd3b:1): dropped FC message: retry_delay_usecs=1000 retry_count=4
2026-03-17T21:20:42.978:    18: libfabric:44417:1773778842::cxi:ep_data:cxip_fc_notify_cb():4314<warn> nid005002: TXC (0x1417:1): dropped FC message: retry_delay_usecs=1000 retry_count=8
2026-03-17T21:20:43.115:    19: libfabric:83840:1773778842::cxi:ep_data:cxip_fc_notify_cb():9857<warn> nid005002: TXC (0x4717:1): dropped FC message: retry_delay_usecs=1000 retry_count=7
2026-03-17T21:20:43.244:    19: libfabric:79517:1773778843::cxi:ep_data:cxip_fc_notify_cb():9043<warn> nid005002: TXC (0xd8b8:1): dropped FC message: retry_delay_usecs=1000 retry_count=3
2026-03-17T21:20:43.534:     7: libfabric:40715:1773778843::cxi:ep_data:cxip_fc_notify_cb():7125<warn> nid005002: TXC (0x91f8:1): dropped FC message: retry_delay_usecs=1000 retry_count=7
2026-03-17T21:20:43.708:    13: libfabric:22541:1773778843::cxi:ep_data:cxip_fc_notify_cb():5974<warn> nid005002: TXC (0x883f:1): dropped FC message: retry_delay_usecs=1000 retry_count=8
2026-03-17T21:20:43.841:    11: libfabric:14251:1773778843::cxi:ep_data:cxip_fc_notify_cb():6146<warn> nid005002: TXC (0xae4a:1): dropped FC message: retry_delay_usecs=1000 retry_count=5
2026-03-17T21:20:43.894:     6: libfabric:96698:1773778843::cxi:ep_data:cxip_fc_notify_cb():8806<warn> nid005002: TXC (0xfe17:1): dropped FC message: retry_delay_usecs=1000 retry_count=7
2026-03-17T21:20:44.124:     4: libfabric:93627:1773778843::cxi:ep_data:cxip_fc_notify_cb():3176<warn> nid005002: TXC (0xdf2b:1): dropped FC message: retry_delay_usecs=1000 retry_count=2
2026-03-17T21:20:44.382:    28: libfabric:31847:1773778844::cxi:ep_data:cxip_fc_notify_cb():1215<warn> nid005002: TXC (0x41d2:1): dropped FC message: retry_delay_usecs=1000 retry_count=3
2026-03-17T21:20:44.597:    29: libfabric:57089:1773778844::cxi:ep_data:cxip_fc_notify_cb():7232<warn> nid005002: TXC (0x9b09:1): dropped FC message: retry_delay_usecs=1000 retry_count=6
2026-03-17T21:20:44.882:    24: libfabric:26958:1773778844::cxi:ep_data:cxip_fc_notify_cb():7525<warn> nid005002: TXC (0x6f59:1): dropped FC message: retry_delay_usecs=1000 retry_count=2
2026-03-17T21:20:44.986:    11: libfabric:22670:1773778844::cxi:ep_data:cxip_fc_notify_cb():2646<warn> nid005002: TXC (0xa0b0:1): dropped FC message: retry_delay_usecs=1000 retry_count=4
2026-03-17T21:20:45.042:     9: libfabric:23122:1773778844::cxi:ep_data:cxip_fc_notify_cb():9299<warn> nid005002: TXC (0x7688:1): dropped FC message: retry_delay_usecs=1000 retry_count=7
2026-03-17T21:20:45.195:     4: libfabric:15844:1773778845::cxi:ep_data:cxip_fc_notify_cb():6626<warn> nid005002: TXC (0xccb9:1): dropped FC message: retry_delay_usecs=1000 retry_count=5
2026-03-17T21:20:45.428:     1: libfabric:81707:1773778845::cxi:ep_data:cxip_fc_notify_cb():3430<warn> nid005002: TXC (0x6748:1): dropped FC message: retry_delay_usecs=1000 retry_count=1
2026-03-17T21:20:45.690:    23: libfabric:20174:1773778845::cxi:ep_data:cxip_fc_notify_cb():1422<warn> nid005002: TXC (0xa006:1): dropped FC message: retry_delay_usecs=1000 retry_count=8
2026-03-17T21:20:45.986:    19: libfabric:80748:1773778845::cxi:ep_data:cxip_fc_notify_cb():3027<warn> nid005002: TXC (0x42df:1): dropped FC message: retry_delay_usecs=1000 retry_count=6
2026-03-17T21:20:46.183:    20: libfabric:27903:1773778845::cxi:ep_data:cxip_fc_notify_cb():4281<warn> nid005002: TXC (0x7684:1): dropped FC message: retry_delay_usecs=1000 retry_count=2
2026-03-17T21:20:46.332:    30: libfabric:68783:1773778846::cxi:ep_data:cxip_fc_notify_cb():4724<warn> nid005002: TXC (0x7788:1): dropped FC message: retry_delay_usecs=1000 retry_count=4
2026-03-17T21:20:46.502:     0: libfabric:94348:1773778846::cxi:ep_data:cxip_fc_notify_cb():4777<warn> nid005002: TXC (0x492d:1): dropped FC message: retry_delay_usecs=1000 retry_count=4
2026-03-17T21:20:46.654:    17: libfabric:83863:1773778846::cxi:ep_data:cxip_fc_notify_cb():2966<warn> nid005002: TXC (0x9912:1): dropped FC message: retry_delay_usecs=1000 retry_count=7
2026-03-17T21:20:46.811:    21: libfabric:26288:1773778846::cxi:ep_data:cxip_fc_notify_cb():3602<warn> nid005002: TXC (0xbdd3:1): dropped FC message: retry_delay_usecs=1000 retry_count=1
2026-03-17T21:20:47.020:    22: libfabric:78172:1773778846::cxi:ep_data:cxip_fc_notify_cb():6429<warn> nid005002: TXC (0xa861:1): dropped FC message: retry_delay_usecs=1000 retry_count=1
2026-03-17T21:20:47.222:    24: libfabric:64232:1773778847::cxi:ep_data:cxip_fc_notify_cb():9115<warn> nid005002: TXC (0x87af:1): dropped FC message: retry_delay_usecs=1000 retry_count=6
2026-03-17T21:20:47.300:    21: libfabric:59249:1773778847::cxi:ep_data:cxip_fc_notify_cb():8378<warn> nid005002: TXC (0x589e:1): dropped FC message: retry_delay_usecs=1000 retry_count=6
2026-03-17T21:20:47.419:    24: libfabric:56665:1773778847::cxi:ep_data:cxip_fc_notify_cb():4488<warn> nid005002: TXC (0xefd4:1): dropped FC message: retry_delay_usecs=1000 retry_count=2
2026-03-17T21:20:47.649:    12: libfabric:57064:1773778847::cxi:ep_data:cxip_fc_notify_cb():4392<warn> nid005002: TXC (0x109c:1): dropped FC message: retry_delay_usecs=1000 retry_count=1
2026-03-17T21:20:47.780:     8: libfabric:78696:1773778847::cxi:ep_data:cxip_fc_notify_cb():3036<warn> nid005002: TXC (0xcd01:1): dropped FC message: retry_delay_usecs=1000 retry_count=2
2026-03-17T21:20:47.911:    30: libfabric:83171:1773778847::cxi:ep_data:cxip_fc_notify_cb():8503<warn> nid005002: TXC (0xe43a:1): dropped FC message: retry_delay_usecs=1000 retry_count=2
2026-03-17T21:20:48.132:     4: libfabric:30056:1773778847::cxi:ep_data:cxip_fc_notify_cb():3551<warn> nid005002: TXC (0x8fa4:1): dropped FC message: retry_delay_usecs=1000 retry_count=4
2026-03-17T21:20:48.232:    13: libfabric:97946:1773778848::cxi:ep_data:cxip_fc_notify_cb():8226<warn> nid005002: TXC (0xf698:1): dropped FC message: retry_delay_usecs=1000 retry_count=1
2026-03-17T21:20:48.438:    15: libfabric:45922:1773778848::cxi:ep_data:cxip_fc_notify_cb():5225<warn> nid005002: TXC (0xbe81:1): dropped FC message: retry_delay_usecs=1000 retry_count=2
2026-03-17T21:20:48.568:    23: libfabric:73540:1773778848::cxi:ep_data:cxip_fc_notify_cb():2669<warn> nid005002: TXC (0xf6c1:1): dropped FC message: retry_delay_usecs=1000 retry_count=4
2026-03-17T21:20:48.827:    29: libfabric:43164:1773778848::cxi:ep_data:cxip_fc_notify_cb():3989<warn> nid005002: TXC (0x4341:1): dropped FC message: retry_delay_usecs=1000 retry_count=7
2026-03-17T21:20:48.921:     5: libfabric:36777:1773778848::cxi:ep_data:cxip_fc_notify_cb():7153<warn> nid005002: TXC (0x7f8a:1): dropped FC message: retry_delay_usecs=1000 retry_count=7
2026-03-17T21:20:49.131:    29: libfabric:46953:1773778848::cxi:ep_data:cxip_fc_notify_cb():7875<warn> nid005002: TXC (0x14fa:1): dropped FC message: retry_delay_usecs=1000 retry_count=6
2026-03-17T21:20:49.424:     0: libfabric:36040:1773778849::cxi:ep_data:cxip_fc_notify_cb():8911<warn> nid005002: TXC (0x50db:1): dropped FC message: retry_delay_usecs=1000 retry_count=8
2026-03-17T21:20:49.687:     1: libfabric:26998:1773778849::cxi:ep_data:cxip_fc_notify_cb():5341<warn> nid005002: TXC (0xb91d:1): dropped FC message: retry_delay_usecs=1000 retry_count=1
2026-03-17T21:20:49.975:    17: libfabric:18969:1773778849::cxi:ep_data:cxip_fc_notify_cb():5128<warn> nid005002: TXC (0x505f:1): dropped FC message: retry_delay_usecs=1000 retry_count=1
2026-03-17T21:20:50.119:     3: libfabric:91610:1773778849::cxi:ep_data:cxip_fc_notify_cb():5268<warn> nid005002: TXC (0x2e98:1): dropped FC message: retry_delay_usecs=1000 retry_count=8
2026-03-17T21:20:50.389:     3: libfabric:63903:1773778850::cxi:ep_data:cxip_fc_notify_cb():5719<warn> nid005002: TXC (0x85ae:1): dropped FC message: retry_delay_usecs=1000 retry_count=4
2026-03-17T21:20:50.440:     6: libfabric:50781:1773778850::cxi:ep_data:cxip_fc_notify_cb():3379<warn> nid005002: TXC (0x5fd0:1): dropped FC message: retry_delay_usecs=1000 retry_count=3
2026-03-17T21:20:50.561:    13: libfabric:17556:1773778850::cxi:ep_data:cxip_fc_notify_cb():5421<warn> nid005002: TXC (0xd98d:1): dropped FC message: retry_delay_usecs=1000 retry_count=2
2026-03-17T21:20:50.687:    25: libfabric:97695:1773778850::cxi:ep_data:cxip_fc_notify_cb():5006<warn> nid005002: TXC (0xa554:1): dropped FC message: retry_delay_usecs=1000 retry_count=8
2026-03-17T21:20:50.840:    28: libfabric:23400:1773778850::cxi:ep_data:cxip_fc_notify_cb():4973<warn> nid005002: TXC (0x4211:1): dropped FC message: retry_delay_usecs=1000 retry_count=4
2026-03-17T21:20:50.907:    18: libfabric:58423:1773778850::cxi:ep_data:cxip_fc_notify_cb():9398<warn> nid005002: TXC (0xafc9:1): dropped FC message: retry_delay_usecs=1000 retry_count=3
2026-03-17T21:20:50.975:     8: libfabric:70595:1773778850::cxi:ep_data:cxip_fc_notify_cb():9513<warn> nid005002: TXC (0x2e59:1): dropped FC message: retry_delay_usecs=1000 retry_count=1
2026-03-17T21:20:51.162:    30: libfabric:56375:1773778850::cxi:ep_data:cxip_fc_notify_cb():1627<warn> nid005002: TXC (0x31ef:1): dropped FC message: retry_delay_usecs=1000 retry_count=5
2026-03-17T21:20:51.376:    28: libfabric:36328:1773778851::cxi:ep_data:cxip_fc_notify_cb():2017<warn> nid005002: TXC (0x6688:1): dropped FC message: retry_delay_usecs=1000 retry_count=3
2026-03-17T21:20:51.670:    27: libfabric:86612:1773778851::cxi:ep_data:cxip_fc_notify_cb():4613<warn> nid005002: TXC (0x4918:1): dropped FC message: retry_delay_usecs=1000 retry_count=8
2026-03-17T21:20:51.933:    25: libfabric:69226:1773778851::cxi:ep_data:cxip_fc_notify_cb():1769<warn> nid005002: TXC (0xc78c:1): dropped FC message: retry_delay_usecs=1000 retry_count=5
2026-03-17T21:20:52.209:    24: libfabric:79617:1773778851::cxi:ep_data:cxip_fc_notify_cb():8831<warn> nid005002: TXC (0x8470:1): dropped FC message: retry_delay_usecs=1000 retry_count=4
2026-03-17T21:20:52.497:    26: libfabric:58030:1773778852::cxi:ep_data:cxip_fc_notify_cb():7200<warn> nid005002: TXC (0xd8fc:1): dropped FC message: retry_delay_usecs=1000 retry_count=4
2026-03-17T21:20:52.693:    12: libfabric:65492:1773778852::cxi:ep_data:cxip_fc_notify_cb():7278<warn> nid005002: TXC (0x4a51:1): dropped FC message: retry_delay_usecs=1000 retry_count=1
2026-03-17T21:20:52.753:     6: libfabric:55598:1773778852::cxi:ep_data:cxip_fc_notify_cb():1922<warn> nid005002: TXC (0x929e:1): dropped FC message: retry_delay_usecs=1000 retry_count=4
2026-03-17T21:20:52.895:    22: libfabric:65337:1773778852::cxi:ep_data:cxip_fc_notify_cb():1033<warn> nid005002: TXC (0x5c0a:1): dropped FC message: retry_delay_usecs=1000 retry_count=6
2026-03-17T21:20:53.036:     9: libfabric:27934:1773778852::cxi:ep_data:cxip_fc_notify_cb():4059<warn> nid005002: TXC (0x8959:1): dropped FC message: retry_delay_usecs=1000 retry_count=7
2026-03-17T21:20:53.263:    23: libfabric:66416:1773778853::cxi:ep_data:cxip_fc_notify_cb():9318<warn> nid005002: TXC (0x692b:1): dropped FC message: retry_delay_usecs=1000 retry_count=1
2026-03-17T21:20:53.389:     7: libfabric:87568:1773778853::cxi:ep_data:cxip_fc_notify_cb():8833<warn> nid005002: TXC (0x6b5e:1): dropped FC message: retry_delay_usecs=1000 retry_count=8
2026-03-17T21:20:53.633:    27: libfabric:86091:1773778853::cxi:ep_data:cxip_fc_notify_cb():3668<warn> nid005002: TXC (0xd9b9:1): dropped FC message: retry_delay_usecs=1000 retry_count=4
2026-03-17T21:20:53.844:    20: libfabric:20722:1773778853::cxi:ep_data:cxip_fc_notify_cb():8669<warn> nid005002: TXC (0xcd23:1): dropped FC message: retry_delay_usecs=1000 retry_count=6
2026-03-17T21:20:53.960:    26: libfabric:54458:1773778853::cxi:ep_data:cxip_fc_notify_cb():3052<warn> nid005002: TXC (0x4a67:1): dropped FC message: retry_delay_usecs=1000 retry_count=2
2026-03-17T21:20:54.038:    28: libfabric:87839:1773778853::cxi:ep_data:cxip_fc_notify_cb():4689<warn> nid005002: TXC (0x2e34:1): dropped FC message: retry_delay_usecs=1000 retry_count=5
2026-03-17T21:20:54.186:    31: libfabric:99749:1773778854::cxi:ep_data:cxip_fc_notify_cb():2827<warn> nid005002: TXC (0xdbc1:1): dropped FC message: retry_delay_usecs=1000 retry_count=6
2026-03-17T21:20:54.473:    28: libfabric:11854:1773778854::cxi:ep_data:cxip_fc_notify_cb():2815<warn> nid005002: TXC (0x58ab:1): dropped FC message: retry_delay_usecs=1000 retry_count=2
2026-03-17T21:20:54.525:    23: libfabric:46270:1773778854::cxi:ep_data:cxip_fc_notify_cb():4030<warn> nid005002: TXC (0x46c8:1): dropped FC message: retry_delay_usecs=1000 retry_count=2
2026-03-17T21:20:54.810:     4: libfabric:82285:1773778854::cxi:ep_data:cxip_fc_notify_cb():9655<warn> nid005002: TXC (0x1a53:1): dropped FC message: retry_delay_usecs=1000 retry_count=2
2026-03-17T21:20:54.970:    20: libfabric:47080:1773778854::cxi:ep_data:cxip_fc_notify_cb():7455<warn> nid005002: TXC (0x72f3:1): dropped FC message: retry_delay_usecs=1000 retry_count=5
2026-03-17T21:20:55.209:    24: libfabric:48097:1773778854::cxi:ep_data:cxip_fc_notify_cb():6818<warn> nid005002: TXC (0xd397:1): dropped FC message: retry_delay_usecs=1000 retry_count=8
2026-03-17T21:20:55.399:    27: libfabric:89720:1773778855::cxi:ep_data:cxip_fc_notify_cb():3110<warn> nid005002: TXC (0x2140:1): dropped FC message: retry_delay_usecs=1000 retry_count=6
2026-03-17T21:20:55.671:    14: libfabric:62819:1773778855::cxi:ep_data:cxip_fc_notify_cb():9276<warn> nid005002: TXC (0x9ea3:1): dropped FC message: retry_delay_usecs=1000 retry_count=2
2026-03-17T21:20:55.883:    25: libfabric:27995:1773778855::cxi:ep_data:cxip_fc_notify_cb():3113<warn> nid005002: TXC (0x31b5:1): dropped FC message: retry_delay_usecs=1000 retry_count=6
2026-03-17T21:20:56.069:    13: libfabric:82434:1773778855::cxi:ep_data:cxip_fc_notify_cb():1052<warn> nid005002: TXC (0x7a5d:1): dropped FC message: retry_delay_usecs=1000 retry_count=8
2026-03-17T21:20:56.147:    25: libfabric:34969:1773778856::cxi:ep_data:cxip_fc_notify_cb():4648<warn> nid005002: TXC (0xe856:1): dropped FC message: retry_delay_usecs=1000 retry_count=4
2026-03-17T21:20:56.403:    25: libfabric:35556:1773778856::cxi:ep_data:cxip_fc_notify_cb():7508<warn> nid005002: TXC (0xecb9:1): dropped FC message: retry_delay_usecs=1000 retry_count=1
2026-03-17T21:20:56.629:    25: libfabric:68728:1773778856::cxi:ep_data:cxip_fc_notify_cb():6981<warn> nid005002: TXC (0x120d:1): dropped FC message: retry_delay_usecs=1000 retry_count=7
2026-03-17T21:20:56.904:    19: libfabric:79751:1773778856::cxi:ep_data:cxip_fc_notify_cb():2061<warn> nid005002: TXC (0x5169:1): dropped FC message: retry_delay_usecs=1000 retry_count=1
2026-03-17T21:20:56.964:    30: libfabric:18821:1773778856::cxi:ep_data:cxip_fc_notify_cb():5952<warn> nid005002: TXC (0xb275:1): dropped FC message: retry_delay_usecs=1000 retry_count=3
2026-03-17T21:20:57.191:     5: libfabric:67502:1773778856::cxi:ep_data:cxip_fc_notify_cb():4522<warn> nid005002: TXC (0x43d8:1): dropped FC message: retry_delay_usecs=1000 retry_count=3
2026-03-17T21:20:57.443:    18: libfabric:32456:1773778857::cxi:ep_data:cxip_fc_notify_cb():7774<warn> nid005002: TXC (0x8bd3:1): dropped FC message: retry_delay_usecs=1000 retry_count=2
2026-03-17T21:20:57.560:    14: libfabric:18257:1773778857::cxi:ep_data:cxip_fc_notify_cb():5785<warn> nid005002: TXC (0xfe9f:1): dropped FC message: retry_delay_usecs=1000 retry_count=2
2026-03-17T21:20:57.708:    18: libfabric:92964:1773778857::cxi:ep_data:cxip_fc_notify_cb():8416<warn> nid005002: TXC (0x605a:1): dropped FC message: retry_delay_usecs=1000 retry_count=1
2026-03-17T21:20:57.822:     3: libfabric:12764:1773778857::cxi:ep_data:cxip_fc_notify_cb():4842<warn> nid005002: TXC (0xee2d:1): dropped FC message: retry_delay_usecs=1000 retry_count=8
2026-03-17T21:20:57.988:     8: libfabric:11456:1773778857::cxi:ep_data:cxip_fc_notify_cb():6022<warn> nid005002: TXC (0x1d10:1): dropped FC message: retry_delay_usecs=1000 retry_count=2
2026-03-17T21:20:58.281:     2: libfabric:89891:1773778857::cxi:ep_data:cxip_fc_notify_cb():3062<warn> nid005002: TXC (0x4dcf:1): dropped FC message: retry_delay_usecs=1000 retry_count=3
2026-03-17T21:20:58.402:     7: libfabric:56536:1773778858::cxi:ep_data:cxip_fc_notify_cb():9377<warn> nid005002: TXC (0xed0d:1): dropped FC message: retry_delay_usecs=1000 retry_count=5
2026-03-17T21:20:58.674:    18: libfabric:67409:1773778858::cxi:ep_data:cxip_fc_notify_cb():3363<warn> nid005002: TXC (0xfcf9:1): dropped FC message: retry_delay_usecs=1000 retry_count=3
2026-03-17T21:20:58.865:     9: libfabric:51589:1773778858::cxi:ep_data:cxip_fc_notify_cb():2082<warn> nid005002: TXC (0xe995:1): dropped FC message: retry_delay_usecs=1000 retry_count=8
2026-03-17T21:20:59.106:     2: libfabric:67824:1773778858::cxi:ep_data:cxip_fc_notify_cb():5158<warn> nid005002: TXC (0xd5d4:1): dropped FC message: retry_delay_usecs=1000 retry_count=4
2026-03-17T21:20:59.293:    26: libfabric:64245:1773778859::cxi:ep_data:cxip_fc_notify_cb():4551<warn> nid005002: TXC (0x1330:1): dropped FC message: retry_delay_usecs=1000 retry_count=7
2026-03-17T21:20:59.533:    29: libfabric:35989:1773778859::cxi:ep_data:cxip_fc_notify_cb():6615<warn> nid005002: TXC (0x638a:1): dropped FC message: retry_delay_usecs=1000 retry_count=5
2026-03-17T21:20:59.736:     9: libfabric:44779:1773778859::cxi:ep_data:cxip_fc_notify_cb():3184<warn> nid005002: TXC (0xb748:1): dropped FC message: retry_delay_usecs=1000 retry_count=7
2026-03-17T21:21:00.026:    15: libfabric:14199:1773778859::cxi:ep_data:cxip_fc_notify_cb():4413<warn> nid005002: TXC (0xb505:1): dropped FC message: retry_delay_usecs=1000 retry_count=6
2026-03-17T21:21:00.289:    28: libfabric:48709:1773778860::cxi:ep_data:cxip_fc_notify_cb():7086<warn> nid005002: TXC (0x30a6:1): dropped FC message: retry_delay_usecs=1000 retry_count=8
2026-03-17T21:21:00.404:     0: libfabric:18850:1773778860::cxi:ep_data:cxip_fc_notify_cb():7268<warn> nid005002: TXC (0x8425:1): dropped FC message: retry_delay_usecs=1000 retry_count=2
2026-03-17T21:21:00.494:    17: libfabric:75923:1773778860::cxi:ep_data:cxip_fc_notify_cb():6491<warn> nid005002: TXC (0x5219:1): dropped FC message: retry_delay_usecs=1000 retry_count=6
2026-03-17T21:21:00.743:     4: libfabric:58386:1773778860::cxi:ep_data:cxip_fc_notify_cb():5780<warn> nid005002: TXC (0x8086:1): dropped FC message: retry_delay_usecs=1000 retry_count=3
2026-03-17T21:21:00.793:    25: libfabric:22263:1773778860::cxi:ep_data:cxip_fc_notify_cb():8529<warn> nid005002: TXC (0x673e:1): dropped FC message: retry_delay_usecs=1000 retry_count=1
2026-03-17T21:21:00.949:    16: libfabric:55782:1773778860::cxi:ep_data:cxip_fc_notify_cb():9364<warn> nid005002: TXC (0xd414:1): dropped FC message: retry_delay_usecs=1000 retry_count=7
2026-03-17T21:21:01.061:    21: libfabric:51503:1773778860::cxi:ep_data:cxip_fc_notify_cb():6760<warn> nid005002: TXC (0xb4c5:1): dropped FC message: retry_delay_usecs=1000 retry_count=3
2026-03-17T21:21:01.314:    24: libfabric:69130:1773778861::cxi:ep_data:cxip_fc_notify_cb():2049<warn> nid005002: TXC (0xbc52:1): dropped FC message: retry_delay_usecs=1000 retry_count=5
2026-03-17T21:21:01.544:    21: libfabric:48600:1773778861::cxi:ep_data:cxip_fc_notify_cb():3141<warn> nid005002: TXC (0xb17e:1): dropped FC message: retry_delay_usecs=1000 retry_count=7
2026-03-17T21:21:01.746:    17: libfabric:81055:1773778861::cxi:ep_data:cxip_fc_notify_cb():9457<warn> nid005002: TXC (0xac8c:1): dropped FC message: retry_delay_usecs=1000 retry_count=3
2026-03-17T21:21:01.977:    30: libfabric:16360:1773778861::cxi:ep_data:cxip_fc_notify_cb():3341<warn> nid005002: TXC (0x113d:1): dropped FC message: retry_delay_usecs=1000 retry_count=8
2026-03-17T21:21:02.114:    14: libfabric:78165:1773778861::cxi:ep_data:cxip_fc_notify_cb():4731<warn> nid005002: TXC (0x58c7:1): dropped FC message: retry_delay_usecs=1000 retry_count=8
2026-03-17T21:21:02.403:    19: libfabric:66878:1773778862::cxi:ep_data:cxip_fc_notify_cb():4404<warn> nid005002: TXC (0x5963:1): dropped FC message: retry_delay_usecs=1000 retry_count=6
2026-03-17T21:21:02.658:    14: libfabric:89791:1773778862::cxi:ep_data:cxip_fc_notify_cb():3405<warn> nid005002: TXC (0xa269:1): dropped FC message: retry_delay_usecs=1000 retry_count=4
2026-03-17T21:21:02.858:    22: libfabric:89050:1773778862::cxi:ep_data:cxip_fc_notify_cb():7858<warn> nid005002: TXC (0xe1c9:1): dropped FC message: retry_delay_usecs=1000 retry_count=5
2026-03-17T21:21:03.035:     3: libfabric:39630:1773778862::cxi:ep_data:cxip_fc_notify_cb():4010<warn> nid005002: TXC (0x54d3:1): dropped FC message: retry_delay_usecs=1000 retry_count=3
2026-03-17T21:21:03.105:     8: libfabric:76147:1773778863::cxi:ep_data:cxip_fc_notify_cb():5492<warn> nid005002: TXC (0xc0fb:1): dropped FC message: retry_delay_usecs=1000 retry_count=7
2026-03-17T21:21:03.286:     6: libfabric:52076:1773778863::cxi:ep_data:cxip_fc_notify_cb():9430<warn> nid005002: TXC (0x4042:1): dropped FC message: retry_delay_usecs=1000 retry_count=2
2026-03-17T21:21:03.427:    22: libfabric:11429:1773778863::cxi:ep_data:cxip_fc_notify_cb():8542<warn> nid005002: TXC (0x737a:1): dropped FC message: retry_delay_usecs=1000 retry_count=6
2026-03-17T21:21:03.653:     7: libfabric:90199:1773778863::cxi:ep_data:cxip_fc_notify_cb():4176<warn> nid005002: TXC (0x5cfb:1): dropped FC message: retry_delay_usecs=1000 retry_count=4
2026-03-17T21:21:03.914:    14: libfabric:65373:1773778863::cxi:ep_data:cxip_fc_notify_cb():3358<warn> nid005002: TXC (0x4d36:1): dropped FC message: retry_delay_usecs=1000 retry_count=8
2026-03-17T21:21:03.994:     0: libfabric:64567:1773778863::cxi:ep_data:cxip_fc_notify_cb():1661<warn> nid005002: TXC (0x9900:1): dropped FC message: retry_delay_usecs=1000 retry_count=2
2026-03-17T21:21:04.139:    27: libfabric:80696:1773778863::cxi:ep_data:cxip_fc_notify_cb():3619<warn> nid005002: TXC (0xaf1d:1): dropped FC message: retry_delay_usecs=1000 retry_count=8
2026-03-17T21:21:04.223:    29: libfabric:74886:1773778864::cxi:ep_data:cxip_fc_notify_cb():2722<warn> nid005002: TXC (0x7a4a:1): dropped FC message: retry_delay_usecs=1000 retry_count=7
2026-03-17T21:21:04.329:    12: libfabric:35759:1773778864::cxi:ep_data:cxip_fc_notify_cb():5638<warn> nid005002: TXC (0x5985:1): dropped FC message: retry_delay_usecs=1000 retry_count=5
2026-03-17T21:21:04.439:     2: libfabric:70404:1773778864::cxi:ep_data:cxip_fc_notify_cb():7493<warn> nid005002: TXC (0x840f:1): dropped FC message: retry_delay_usecs=1000 retry_count=6
2026-03-17T21:21:04.653:     8: libfabric:11269:1773778864::cxi:ep_data:cxip_fc_notify_cb():7193<warn> nid005002: TXC (0xd90e:1): dropped FC message: retry_delay_usecs=1000 retry_count=3
2026-03-17T21:21:04.792:     5: libfabric:57687:1773778864::cxi:ep_data:cxip_fc_notify_cb():5759<warn> nid005002: TXC (0x6219:1): dropped FC message: retry_delay_usecs=1000 retry_count=6
2026-03-17T21:21:04.963:    21: libfabric:65151:1773778864::cxi:ep_data:cxip_fc_notify_cb():2676<warn> nid005002: TXC (0xb051:1): dropped FC message: retry_delay_usecs=1000 retry_count=3
2026-03-17T21:21:05.200:     1: libfabric:64884:1773778864::cxi:ep_data:cxip_fc_notify_cb():9267<warn> nid005002: TXC (0x10f5:1): dropped FC message: retry_delay_usecs=1000 retry_count=5
2026-03-17T21:21:05.457:    12: libfabric:68846:1773778865::cxi:ep_data:cxip_fc_notify_cb():7589<warn> nid005002: TXC (0x1f8e:1): dropped FC message: retry_delay_usecs=1000 retry_count=2
2026-03-17T21:21:05.719:     7: libfabric:14286:1773778865::cxi:ep_data:cxip_fc_notify_cb():2512<warn> nid005002: TXC (0x748a:1): dropped FC message: retry_delay_usecs=1000 retry_count=6
2026-03-17T21:21:05.980:     7: libfabric:75907:1773778865::cxi:ep_data:cxip_fc_notify_cb():9640<warn> nid005002: TXC (0x4c04:1): dropped FC message: retry_delay_usecs=1000 retry_count=2
2026-03-17T21:21:06.136:    17: libfabric:87698:1773778865::cxi:ep_data:cxip_fc_notify_cb():7639<warn> nid005002: TXC (0xd41a:1): dropped FC message: retry_delay_usecs=1000 retry_count=4
2026-03-17T21:21:06.395:    31: libfabric:56219:1773778866::cxi:ep_data:cxip_fc_notify_cb():2057<warn> nid005002: TXC (0xd3a4:1): dropped FC message: retry_delay_usecs=1000 retry_count=1
2026-03-17T21:21:06.544:     0: libfabric:30524:1773778866::cxi:ep_data:cxip_fc_notify_cb():9210<warn> nid005002: TXC (0x8fb3:1): dropped FC message: retry_delay_usecs=1000 retry_count=2
2026-03-17T21:21:06.801:    18: libfabric:61500:1773778866::cxi:ep_data:cxip_fc_notify_cb():1171<warn> nid005002: TXC (0xcc0a:1): dropped FC message: retry_delay_usecs=1000 retry_count=7
2026-03-17T21:21:06.866:    25: libfabric:47839:1773778866::cxi:ep_data:cxip_fc_notify_cb():3088<warn> nid005002: TXC (0x5cd6:1): dropped FC message: retry_delay_usecs=1000 retry_count=3
2026-03-17T21:21:07.005:    16: libfabric:70284:1773778866::cxi:ep_data:cxip_fc_notify_cb():5709<warn> nid005002: TXC (0x6749:1): dropped FC message: retry_delay_usecs=1000 retry_count=4
2026-03-17T21:21:07.056:    23: libfabric:26913:1773778867::cxi:ep_data:cxip_fc_notify_cb():8876<warn> nid005002: TXC (0xb67c:1): dropped FC message: retry_delay_usecs=1000 retry_count=6
2026-03-17T21:21:07.273:    14: libfabric:37706:1773778867::cxi:ep_data:cxip_fc_notify_cb():3898<warn> nid005002: TXC (0x8c97:1): dropped FC message: retry_delay_usecs=1000 retry_count=5
2026-03-17T21:21:07.450:     7: libfabric:20156:1773778867::cxi:ep_data:cxip_fc_notify_cb():3852<warn> nid005002: TXC (0xb7f1:1): dropped FC message: retry_delay_usecs=1000 retry_count=8
2026-03-17T21:21:07.536:    14: libfabric:19401:1773778867::cxi:ep_data:cxip_fc_notify_cb():2356<warn> nid005002: TXC (0xdf2d:1): dropped FC message: retry_delay_usecs=1000 retry_count=1
2026-03-17T21:21:07.820:    11: libfabric:63211:1773778867::cxi:ep_data:cxip_fc_notify_cb():4613<warn> nid005002: TXC (0x279d:1): dropped FC message: retry_delay_usecs=1000 retry_count=7
2026-03-17T21:21:08.029:     1: libfabric:76827:1773778867::cxi:ep_data:cxip_fc_notify_cb():7127<warn> nid005002: TXC (0x429b:1): dropped FC message: retry_delay_usecs=1000 retry_count=3
2026-03-17T21:21:08.279:     4: libfabric:52362:1773778868::cxi:ep_data:cxip_fc_notify_cb():4135<warn> nid005002: TXC (0x4bb8:1): dropped FC message: retry_delay_usecs=1000 retry_count=3
2026-03-17T21:21:08.385:    16: libfabric:97968:1773778868::cxi:ep_data:cxip_fc_notify_cb():4561<warn> nid005002: TXC (0x972c:1): dropped FC message: retry_delay_usecs=1000 retry_count=3
2026-03-17T21:21:08.453:    30: libfabric:54234:1773778868::cxi:ep_data:cxip_fc_notify_cb():2679<warn> nid005002: TXC (0x596a:1): dropped FC message: retry_delay_usecs=1000 retry_count=8
2026-03-17T21:21:08.715:     8: libfabric:72338:1773778868::cxi:ep_data:cxip_fc_notify_cb():9985<warn> nid005002: TXC (0xdcc6:1): dropped FC message: retry_delay_usecs=1000 retry_count=4
2026-03-17T21:21:09.014:     8: libfabric:83092:1773778868::cxi:ep_data:cxip_fc_notify_cb():9673<warn> nid005002: TXC (0x4eec:1): dropped FC message: retry_delay_usecs=1000 retry_count=5
2026-03-17T21:21:09.121:    20: libfabric:94919:1773778869::cxi:ep_data:cxip_fc_notify_cb():2116<warn> nid005002: TXC (0x27f6:1): dropped FC message: retry_delay_usecs=1000 retry_count=8
2026-03-17T21:21:09.179:    19: libfabric:48673:1773778869::cxi:ep_data:cxip_fc_notify_cb():7176<warn> nid005002: TXC (0xaef5:1): dropped FC message: retry_delay_usecs=1000 retry_count=3
2026-03-17T21:21:09.283:    14: libfabric:93321:1773778869::cxi:ep_data:cxip_fc_notify_cb():6627<warn> nid005002: TXC (0x14e1:1): dropped FC message: retry_delay_usecs=1000 retry_count=3
2026-03-17T21:21:09.372:    21: libfabric:25972:1773778869::cxi:ep_data:cxip_fc_notify_cb():9313<warn> nid005002: TXC (0xc4b9:1): dropped FC message: retry_delay_usecs=1000 retry_count=8
2026-03-17T21:21:09.661:    20: libfabric:25251:1773778869::cxi:ep_data:cxip_fc_notify_cb():9050<warn> nid005002: TXC (0x54ff:1): dropped FC message: retry_delay_usecs=1000 retry_count=6
2026-03-17T21:21:09.743:    12: libfabric:83103:1773778869::cxi:ep_data:cxip_fc_notify_cb():5480<warn> nid005002: TXC (0x917e:1): dropped FC message: retry_delay_usecs=1000 retry_count=5
2026-03-17T21:21:09.938:     6: libfabric:52837:1773778869::cxi:ep_data:cxip_fc_notify_cb():5595<warn> nid005002: TXC (0x3743:1): dropped FC message: retry_delay_usecs=1000 retry_count=2
2026-03-17T21:21:10.125:     5: libfabric:51689:1773778869::cxi:ep_data:cxip_fc_notify_cb():7553<warn> nid005002: TXC (0x1895:1): dropped FC message: retry_delay_usecs=1000 retry_count=8
2026-03-17T21:21:10.217:     0: libfabric:35700:1773778870::cxi:ep_data:cxip_fc_notify_cb():5955<warn> nid005002: TXC (0x5310:1): dropped FC message: retry_delay_usecs=1000 retry_count=1
2026-03-17T21:21:10.284:    27: libfabric:73877:1773778870::cxi:ep_data:cxip_fc_notify_cb():5476<warn> nid005002: TXC (0xc03e:1): dropped FC message: retry_delay_usecs=1000 retry_count=2
2026-03-17T21:21:10.426:    23: libfabric:42906:1773778870::cxi:ep_data:cxip_fc_notify_cb():2694<warn> nid005002: TXC (0xbef2:1): dropped FC message: retry_delay_usecs=1000 retry_count=8
2026-03-17T21:21:10.595:     3: libfabric:83735:1773778870::cxi:ep_data:cxip_fc_notify_cb():2598<warn> nid005002: TXC (0x5a90:1): dropped FC message: retry_delay_usecs=1000 retry_count=8
2026-03-17T21:21:10.649:     7: libfabric:70747:1773778870::cxi:ep_data:cxip_fc_notify_cb():4323<warn> nid005002: TXC (0xaff4:1): dropped FC message: retry_delay_usecs=1000 retry_count=7
2026-03-17T21:21:10.710:    19: libfabric:90958:1773778870::cxi:ep_data:cxip_fc_notify_cb():9638<warn> nid005002: TXC (0x37c8:1): dropped FC message: retry_delay_usecs=1000 retry_count=6
2026-03-17T21:21:10.939:    11: libfabric:49644:1773778870::cxi:ep_data:cxip_fc_notify_cb():4471<warn> nid005002: TXC (0xc8e5:1): dropped FC message: retry_delay_usecs=1000 retry_count=4
2026-03-17T21:21:11.164:    25: libfabric:14724:1773778870::cxi:ep_data:cxip_fc_notify_cb():3204<warn> nid005002: TXC (0xe59b:1): dropped FC message: retry_delay_usecs=1000 retry_count=1
2026-03-17T21:21:11.285:    12: libfabric:13784:1773778871::cxi:ep_data:cxip_fc_notify_cb():6805<warn> nid005002: TXC (0x7758:1): dropped FC message: retry_delay_usecs=1000 retry_count=1
2026-03-17T21:21:11.492:    11: libfabric:35043:1773778871::cxi:ep_data:cxip_fc_notify_cb():6082<warn> nid005002: TXC (0x81dd:1): dropped FC message: retry_delay_usecs=1000 retry_count=8
2026-03-17T21:21:11.558:     0: libfabric:19412:1773778871::cxi:ep_data:cxip_fc_notify_cb():5245<warn> nid005002: TXC (0xa8c5:1): dropped FC message: retry_delay_usecs=1000 retry_count=2
2026-03-17T21:21:11.698:     4: libfabric:78337:1773778871::cxi:ep_data:cxip_fc_notify_cb():8402<warn> nid005002: TXC (0xfa59:1): dropped FC message: retry_delay_usecs=1000 retry_count=2
2026-03-17T21:21:11.828:    22: libfabric:59938:1773778871::cxi:ep_data:cxip_fc_notify_cb():4402<warn> nid005002: TXC (0xdb49:1): dropped FC message: retry_delay_usecs=1000 retry_count=4
2026-03-17T21:21:12.024:    22: libfabric:84206:1773778871::cxi:ep_data:cxip_fc_notify_cb():1589<warn> nid005002: TXC (0x8304:1): dropped FC message: retry_delay_usecs=1000 retry_count=1
2026-03-17T21:21:12.172:    29: libfabric:51761:1773778872::cxi:ep_data:cxip_fc_notify_cb():8244<warn> nid005002: TXC (0x85f8:1): dropped FC message: retry_delay_usecs=1000 retry_count=3
2026-03-17T21:21:12.442:     4: libfabric:75150:1773778872::cxi:ep_data:cxip_fc_notify_cb():3916<warn> nid005002: TXC (0x1104:1): dropped FC message: retry_delay_usecs=1000 retry_count=6
2026-03-17T21:21:12.509:    18: libfabric:18612:1773778872::cxi:ep_data:cxip_fc_notify_cb():4109<warn> nid005002: TXC (0xf30f:1): dropped FC message: retry_delay_usecs=1000 retry_count=5
2026-03-17T21:21:12.574:    24: libfabric:99575:1773778872::cxi:ep_data:cxip_fc_notify_cb():2668<warn> nid005002: TXC (0xc8ec:1): dropped FC message: retry_delay_usecs=1000 retry_count=5
2026-03-17T21:21:12.757:    22: libfabric:97882:1773778872::cxi:ep_data:cxip_fc_notify_cb():9266<warn> nid005002: TXC (0x2114:1): dropped FC message: retry_delay_usecs=1000 retry_count=4
2026-03-17T21:21:12.912:    16: libfabric:93015:1773778872::cxi:ep_data:cxip_fc_notify_cb():8215<warn> nid005002: TXC (0x86b3:1): dropped FC message: retry_delay_usecs=1000 retry_count=2
2026-03-17T21:21:13.111:    13: libfabric:68127:1773778872::cxi:ep_data:cxip_fc_notify_cb():7595<warn> nid005002: TXC (0xdf44:1): dropped FC message: retry_delay_usecs=1000 retry_count=7
2026-03-17T21:21:13.204:    15: libfabric:17393:1773778873::cxi:ep_data:cxip_fc_notify_cb():7442<warn> nid005002: TXC (0x5781:1): dropped FC message: retry_delay_usecs=1000 retry_count=3
2026-03-17T21:21:13.472:    19: libfabric:50068:1773778873::cxi:ep_data:cxip_fc_notify_cb():5881<warn> nid005002: TXC (0xf44b:1): dropped FC message: retry_delay_usecs=1000 retry_count=8
2026-03-17T21:21:13.764:    20: libfabric:35024:1773778873::cxi:ep_data:cxip_fc_notify_cb():7436<warn> nid005002: TXC (0x23bd:1): dropped FC message: retry_delay_usecs=1000 retry_count=8
2026-03-17T21:21:14.047:    28: libfabric:25075:1773778873::cxi:ep_data:cxip_fc_notify_cb():6609<warn> nid005002: TXC (0x4d5c:1): dropped FC message: retry_delay_usecs=1000 retry_count=4
2026-03-17T21:21:14.173:    31: libfabric:24061:1773778874::cxi:ep_data:cxip_fc_notify_cb():8962<warn> nid005002: TXC (0xfcca:1): dropped FC message: retry_delay_usecs=1000 retry_count=1
2026-03-17T21:21:14.463:    21: libfabric:67722:1773778874::cxi:ep_data:cxip_fc_notify_cb():4573<warn> nid005002: TXC (0x761c:1): dropped FC message: retry_delay_usecs=1000 retry_count=3
2026-03-17T21:21:14.658:    20: libfabric:62748:1773778874::cxi:ep_data:cxip_fc_notify_cb():9530<warn> nid005002: TXC (0x19df:1): dropped FC message: retry_delay_usecs=1000 retry_count=2
2026-03-17T21:21:14.870:     3: libfabric:89493:1773778874::cxi:ep_data:cxip_fc_notify_cb():2995<warn> nid005002: TXC (0x1286:1): dropped FC message: retry_delay_usecs=1000 retry_count=5
2026-03-17T21:21:14.973:    23: libfabric:38390:1773778874::cxi:ep_data:cxip_fc_notify_cb():6302<warn> nid005002: TXC (0x7ac3:1): dropped FC message: retry_delay_usecs=1000 retry_count=6
2026-03-17T21:21:15.244:     7: libfabric:26156:1773778874::cxi:ep_data:cxip_fc_notify_cb():1799<warn> nid005002: TXC (0x962e:1): dropped FC message: retry_delay_usecs=1000 retry_count=4
2026-03-17T21:21:15.536:     6: libfabric:61356:1773778875::cxi:ep_data:cxip_fc_notify_cb():5491<warn> nid005002: TXC (0x70d1:1): dropped FC message: retry_delay_usecs=1000 retry_count=4
2026-03-17T21:21:15.747:    20: libfabric:90867:1773778875::cxi:ep_data:cxip_fc_notify_cb():3641<warn> nid005002: TXC (0x7545:1): dropped FC message: retry_delay_usecs=1000 retry_count=2
2026-03-17T21:21:15.889:    22: libfabric:18614:1773778875::cxi:ep_data:cxip_fc_notify_cb():7669<warn> nid005002: TXC (0x4768:1): dropped FC message: retry_delay_usecs=1000 retry_count=2
2026-03-17T21:21:16.064:    14: libfabric:32581:1773778875::cxi:ep_data:cxip_fc_notify_cb():7979<warn> nid005002: TXC (0x787f:1): dropped FC message: retry_delay_usecs=1000 retry_count=1
2026-03-17T21:21:16.335:    23: libfabric:88805:1773778876::cxi:ep_data:cxip_fc_notify_cb():8037<warn> nid005002: TXC (0xdca2:1): dropped FC message: retry_delay_usecs=1000 retry_count=5
2026-03-17T21:21:16.576:     5: libfabric:39822:1773778876::cxi:ep_data:cxip_fc_notify_cb():6615<warn> nid005002: TXC (0xb6da:1): dropped FC message: retry_delay_usecs=1000 retry_count=8
2026-03-17T21:21:16.639:     5: libfabric:42077:1773778876::cxi:ep_data:cxip_fc_notify_cb():7974<warn> nid005002: TXC (0x405a:1): dropped FC message: retry_delay_usecs=1000 retry_count=7
2026-03-17T21:21:16.711:     2: libfabric:87647:1773778876::cxi:ep_data:cxip_fc_notify_cb():4477<warn> nid005002: TXC (0x107b:1): dropped FC message: retry_delay_usecs=1000 retry_count=1
2026-03-17T21:21:16.848:    30: libfabric:49016:1773778876::cxi:ep_data:cxip_fc_notify_cb():8665<warn> nid005002: TXC (0xa396:1): dropped FC message: retry_delay_usecs=1000 retry_count=6
2026-03-17T21:21:16.926:    24: libfabric:92950:1773778876::cxi:ep_data:cxip_fc_notify_cb():2030<warn> nid005002: TXC (0x25db:1): dropped FC message: retry_delay_usecs=1000 retry_count=4
2026-03-17T21:21:16.999:    29: libfabric:67202:1773778876::cxi:ep_data:cxip_fc_notify_cb():4189<warn> nid005002: TXC (0xb712:1): dropped FC message: retry_delay_usecs=1000 retry_count=6
2026-03-17T21:21:17.138:    13: libfabric:67338:1773778876::cxi:ep_data:cxip_fc_notify_cb():4778<warn> nid005002: TXC (0xdd60:1): dropped FC message: retry_delay_usecs=1000 retry_count=3
2026-03-17T21:21:17.321:    20: libfabric:67750:1773778877::cxi:ep_data:cxip_fc_notify_cb():6468<warn> nid005002: TXC (0x45fa:1): dropped FC message: retry_delay_usecs=1000 retry_count=5
2026-03-17T21:21:17.496:    31: libfabric:32148:1773778877::cxi:ep_data:cxip_fc_notify_cb():9273<warn> nid005002: TXC (0xc498:1): dropped FC message: retry_delay_usecs=1000 retry_count=8
2026-03-17T21:21:17.763:    21: libfabric:95345:1773778877::cxi:ep_data:cxip_fc_notify_cb():5397<warn> nid005002: TXC (0xf674:1): dropped FC message: retry_delay_usecs=1000 retry_count=5
2026-03-17T21:21:17.975:    21: libfabric:16084:1773778877::cxi:ep_data:cxip_fc_notify_cb():5479<warn> nid005002: TXC (0x7381:1): dropped FC message: retry_delay_usecs=1000 retry_count=4
2026-03-17T21:21:18.231:    15: libfabric:88221:1773778877::cxi:ep_data:cxip_fc_notify_cb():7900<warn> nid005002: TXC (0xf800:1): dropped FC message: retry_delay_usecs=1000 retry_count=5
2026-03-17T21:21:18.481:     0: libfabric:45504:1773778878::cxi:ep_data:cxip_fc_notify_cb():8890<warn> nid005002: TXC (0x2f67:1): dropped FC message: retry_delay_usecs=1000 retry_count=8
2026-03-17T21:21:18.740:    31: libfabric:33428:1773778878::cxi:ep_data:cxip_fc_notify_cb():1306<warn> nid005002: TXC (0x5921:1): dropped FC message: retry_delay_usecs=1000 retry_count=4
2026-03-17T21:21:18.983:    12: libfabric:25772:1773778878::cxi:ep_data:cxip_fc_notify_cb():5288<warn> nid005002: TXC (0xb6d8:1): dropped FC message: retry_delay_usecs=1000 retry_count=3
2026-03-17T21:21:19.217:     4: libfabric:40143:1773778878::cxi:ep_data:cxip_fc_notify_cb():3246<warn> nid005002: TXC (0x95a4:1): dropped FC message: retry_delay_usecs=1000 retry_count=1
2026-03-17T21:21:19.322:    11: libfabric:63408:1773778879::cxi:ep_data:cxip_fc_notify_cb():6296<warn> nid005002: TXC (0x665f:1): dropped FC message: retry_delay_usecs=1000 retry_count=8
2026-03-17T21:21:19.592:     6: libfabric:75972:1773778879::cxi:ep_data:cxip_fc_notify_cb():9141<warn> nid005002: TXC (0xfba7:1): dropped FC message: retry_delay_usecs=1000 retry_count=4
2026-03-17T21:21:19.889:    21: libfabric:58565:1773778879::cxi:ep_data:cxip_fc_notify_cb():2298<warn> nid005002: TXC (0xc916:1): dropped FC message: retry_delay_usecs=1000 retry_count=2
2026-03-17T21:21:19.971:    10: libfabric:56868:1773778879::cxi:ep_data:cxip_fc_notify_cb():8854<warn> nid005002: TXC (0xcaca:1): dropped FC message: retry_delay_usecs=1000 retry_count=2
2026-03-17T21:21:20.144:    20: libfabric:72355:1773778879::cxi:ep_data:cxip_fc_notify_cb():8884<warn> nid005002: TXC (0x1616:1): dropped FC message: retry_delay_usecs=1000 retry_count=4
2026-03-17T21:21:20.341:    13: libfabric:27293:1773778880::cxi:ep_data:cxip_fc_notify_cb():5746<warn> nid005002: TXC (0x695d:1): dropped FC message: retry_delay_usecs=1000 retry_count=6
2026-03-17T21:21:20.582:     3: libfabric:51150:1773778880::cxi:ep_data:cxip_fc_notify_cb():4395<warn> nid005002: TXC (0xe684:1): dropped FC message: retry_delay_usecs=1000 retry_count=6
2026-03-17T21:21:20.663:     3: libfabric:41702:1773778880::cxi:ep_data:cxip_fc_notify_cb():7505<warn> nid005002: TXC (0xec67:1): dropped FC message: retry_delay_usecs=1000 retry_count=1
2026-03-17T21:21:20.862:    23: libfabric:48220:1773778880::cxi:ep_data:cxip_fc_notify_cb():4960<warn> nid005002: TXC (0xd769:1): dropped FC message: retry_delay_usecs=1000 retry_count=7
2026-03-17T21:21:32.862:     0:  Time step:     2950 model time 2020-06-02 05:30:00.000
2026-03-17T21:21:38.493:     0:  Time step:     2975 model time 2020-06-02 05:45:00.000
2026-03-17T21:21:44.705:     0:  Time step:     3000 model time 2020-06-02 06:00:00.000
2026-03-17T21:21:50.970:     0:  Time step:     3025 model time 2020-06-02 06:15:00.000
2026-03-17T21:21:56.991:     0:  Time step:     3050 model time 2020-06-02 06:30:00.000
2026-03-17T21:22:03.188:     0:  Time step:     3075 model time 2020-06-02 06:45:00.000
2026-03-17T21:22:08.954:     0:  Time step:     3100 model time 2020-06-02 07:00:00.000
2026-03-17T21:22:15.013:     0:  Time step:     3125 model time 2020-06-02 07:15:00.000
2026-03-17T21:22:29.013:     4:  mo_name_list_output: Write output at:2020-06-02 07:15:00
2026-03-17T21:22:35.338:     0:  Time step:     3150 model time 2020-06-02 07:30:00.000
2026-03-17T21:22:40.979:     0:  Time step:     3175 model time 2020-06-02 07:45:00.000
2026-03-17T21:22:47.134:     0:  Time step:     3200 model time 2020-06-02 08:00:00.000
2026-03-17T21:22:53.109:     0:  Time step:     3225 model time 2020-06-02 08:15:00.000
2026-03-17T21:22:59.357:     0:  Time step:     3250 model time 2020-06-02 08:30:00.000
2026-03-17T21:23:05.390:     0:  Time step:     3275 model time 2020-06-02 08:45:00.000
2026-03-17T21:23:11.183:     0:  Time step:     3300 model time 2020-06-02 09:00:00.000
2026-03-17T21:23:17.268:     0:  Time step:     3325 model time 2020-06-02 09:15:00.000
2026-03-17T21:23:23.319:     0:  Time step:     3350 model time 2020-06-02 09:30:00.000
2026-03-17T21:23:28.979:     0:  Time step:     3375 model time 2020-06-02 09:45:00.000
2026-03-17T21:23:34.720:     0:  Time step:     3400 model time 2020-06-02 10:00:00.000
2026-03-17T21:23:41.116:     0:  Time step:     3425 model time 2020-06-02 10:15:00.000
2026-03-17T21:23:47.118:     0:  Time step:     3450 model time 2020-06-02 10:30:00.000
2026-03-17T21:23:52.947:     0:  Time step:     3475 model time 2020-06-02 10:45:00.000
2026-03-17T21:23:58.942:     0:  Time step:     3500 model time 2020-06-02 11:00:00.000
2026-03-17T21:24:05.263:     0:  Time step:     3525 model time 2020-06-02 11:15:00.000
2026-03-17T21:24:10.932:     0:  Time step:     3550 model time 2020-06-02 11:30:00.000
2026-03-17T21:24:17.285:     0:  Time step:     3575 model time 2020-06-02 11:45:00.000
2026-03-17T21:24:23.528:     0:  Time step:     3600 model time 2020-06-02 12:00:00.000
2026-03-17T21:24:29.871:     0:  Time step:     3625 model time 2020-06-02 12:15:00.000
2026-03-17T21:24:35.982:     0:  Time step:     3650 model time 2020-06-02 12:30:00.000
2026-03-17T21:24:41.759:     0:  Time step:     3675 model time 2020-06-02 12:45:00.000
2026-03-17T21:24:47.488:     0:  Time step:     3700 model time 2020-06-02 13:00:00.000
2026-03-17T21:24:53.304:     0:  Time step:     3725 model time 2020-06-02 13:15:00.000
2026-03-17T21:24:58.919:     0:  Time step:     3750 model time 2020-06-02 13:30:00.000
2026-03-17T21:25:12.919:     4:  mo_name_list_output: Write output at:2020-06-02 13:30:00
2026-03-17T21:25:14.919:     4:  :writeRestartInternal: restart: finished: 46.20000GB of data in 1.9400000s (23.814433GB/s)
2026-03-17T21:25:20.941:     0:  Time step:     3775 model time 2020-06-02 13:45:00.000
2026-03-17T21:25:26.651:     0:  Time step:     3800 model time 2020-06-02 14:00:00.000
2026-03-17T21:25:33.008:     0:  Time step:     3825 model time 2020-06-02 14:15:00.000
2026-03-17T21:25:39.332:     0:  Time step:     3850 model time 2020-06-02 14:30:00.000
2026-03-17T21:25:45.171:     0:  Time step:     3875 model time 2020-06-02 14:45:00.000
2026-03-17T21:25:51.350:     0:  Time step:     3900 model time 2020-06-02 15:00:00.000
2026-03-17T21:25:57.678:     0:  Time step:     3925 model time 2020-06-02 15:15:00.000
2026-03-17T21:26:03.958:     0:  Time step:     3950 model time 2020-06-02 15:30:00.000
2026-03-17T21:26:10.284:     0:  Time step:     3975 model time 2020-06-02 15:45:00.000
2026-03-17T21:26:16.505:     0:  Time step:     4000 model time 2020-06-02 16:00:00.000
2026-03-17T21:26:22.389:     0:  Time step:     4025 model time 2020-06-02 16:15:00.000
2026-03-17T21:26:28.738:     0:  Time step:     4050 model time 2020-06-02 16:30:00.000
2026-03-17T21:26:35.015:     0:  Time step:     4075 model time 2020-06-02 16:45:00.000
2026-03-17T21:26:40.861:     0:  Time step:     4100 model time 2020-06-02 17:00:00.000
2026-03-17T21:26:46.581:     0:  Time step:     4125 model time 2020-06-02 17:15:00.000
2026-03-17T21:26:52.309:     0:  Time step:     4150 model time 2020-06-02 17:30:00.000
2026-03-17T21:26:58.402:     0:  Time step:     4175 model time 2020-06-02 17:45:00.000
2026-03-17T21:27:04.253:     0:  Time step:     4200 model time 2020-06-02 18:00:00.000
2026-03-17T21:27:10.176:     0:  Time step:     4225 model time 2020-06-02 18:15:00.000
2026-03-17T21:27:16.280:     0:  Time step:     4250 model time 2020-06-02 18:30:00.000
2026-03-17T21:27:22.388:     0:  Time step:     4275 model time 2020-06-02 18:45:00.000
2026-03-17T21:27:28.757:     0:  Time step:     4300 model time 2020-06-02 19:00:00.000
2026-03-17T21:27:34.661:     0:  Time step:     4325 model time 2020-06-02 19:15:00.000
2026-03-17T21:27:40.927:     0:  Time step:     4350 model time 2020-06-02 19:30:00.000
2026-03-17T21:27:46.676:     0:  Time step:     4375 model time 2020-06-02 19:45:00.000
2026-03-17T21:28:00.676:     4:  mo_name_list_output: Write output at:2020-06-02 19:45:00
2026-03-17T21:28:06.321:     0:  Time step:     4400 model time 2020-06-02 20:00:00.000
2026-03-17T21:28:12.333:     0:  Time step:     4425 model time 2020-06-02 20:15:00.000
2026-03-17T21:28:18.373:     0:  Time step:     4450 model time 2020-06-02 20:30:00.000
2026-03-17T21:28:24.335:     0:  Time step:     4475 model time 2020-06-02 20:45:00.000
2026-03-17T21:28:30.179:     0:  Time step:     4500 model time 2020-06-02 21:00:00.000
2026-03-17T21:28:35.795:     0:  Time step:     4525 model time 2020-06-02 21:15:00.000
2026-03-17T21:28:41.968:     0:  Time step:     4550 model time 2020-06-02 21:30:00.000
2026-03-17T21:28:48.293:     0:  Time step:     4575 model time 2020-06-02 21:45:00.000
2026-03-17T21:28:54.516:     0:  Time step:     4600 model time 2020-06-02 22:00:00.000
2026-03-17T21:29:00.912:     0:  Time step:     4625 model time 2020-06-02 22:15:00.000
2026-03-17T21:29:07.167:     0:  Time step:     4650 model time 2020-06-02 22:30:00.000
2026-03-17T21:29:13.522:     0:  Time step:     4675 model time 2020-06-02 22:45:00.000
2026-03-17T21:29:19.662:     0:  Time step:     4700 model time 2020-06-02 23:00:00.000
2026-03-17T21:29:25.870:     0:  Time step:     4725 model time 2020-06-02 23:15:00.000
2026-03-17T21:29:31.752:     0:  Time step:     4750 model time 2020-06-02 23:30:00.000
2026-03-17T21:29:37.673:     0:  Time step:     4775 model time 2020-06-02 23:45:00.000
2026-03-17T21:29:43.351:     0:  Time step:     4800 model time 2020-06-03 00:00:00.000
2026-03-17T21:29:49.380:     0:  Time step:     4825 model time 2020-06-03 00:15:00.000
2026-03-17T21:29:55.394:     0:  Time step:     4850 model time 2020-06-03 00:30:00.000
2026-03-17T21:30:01.459:     0:  Time step:     4875 model time 2020-06-03 00:45:00.000
2026-03-17T21:30:07.213:     0:  Time step:     4900 model time 2020-06-03 01:00:00.000
2026-03-17T21:30:13.518:     0:  Time step:     4925 model time 2020-06-03 01:15:00.000
2026-03-17T21:30:19.557:     0:  Time step:     4950 model time 2020-06-03 01:30:00.000
2026-03-17T21:30:25.411:     0:  Time step:     4975 model time 2020-06-03 01:45:00.000
2026-03-17T21:30:27.411:     0:  mo_atmo_coupling_frame: Destructing the coupling frame.
2026-03-17T21:30:27.421:     0: 
2026-03-17T21:30:27.431:     0: Timer report, ranks 0-31
2026-03-17T21:30:27.441:     0: 
2026-03-17T21:30:27.451:     0:   ------------------------   --------   ----------   ---------   ----------   ----------   ---------   --------------   ---------------   --------------   ---------------   --------------   ------    
2026-03-17T21:30:27.461:     0:   name                       # calls    t_min        min rank    t_avg        t_max        max rank    total min (s)    total min rank    total max (s)    total max rank    total avg (s)    # PEs    
2026-03-17T21:30:27.471:     0:   ------------------------   --------   ----------   ---------   ----------   ----------   ---------   --------------   ---------------   --------------   ---------------   --------------   ------    
2026-03-17T21:30:27.481:     0: 
2026-03-17T21:30:27.491:     0:   total                      32         19m08s       [9]         19m11s       19m14s       [21]        1148.000         [9]               1154.000         [21]              1151.000         32    
2026-03-17T21:30:27.501:     0:    L integrate_nh            4000       7.21600s     [9]         7.47200s     7.68800s     [21]        902.000          [9]               961.000          [21]              934.000          32    
2026-03-17T21:30:27.511:     0:       L transport            4000       1.71200s     [3]         1.76800s     1.83200s     [17]        214.000          [3]               229.000          [17]              221.000          32    
2026-03-17T21:30:27.521:     0:          L adv_horiz         4000       1.20800s     [3]         1.24800s     1.29600s     [28]        151.000          [3]               162.000          [28]              156.000          32    
2026-03-17T21:30:27.531:     0:          L adv_vert          4000       0.46400s     [11]        0.48800s     0.52000s     [17]        58.000           [11]              65.000           [17]              61.000           32    
2026-03-17T21:30:27.541:     0:       L nh_solve             20000      0.71680s     [9]         0.73760s     0.75840s     [21]        448.000          [9]               474.000          [21]              461.000          32    
2026-03-17T21:30:27.551:     0:          L nh_solve.exch     20000      0.15360s     [9]         0.20480s     0.27360s     [21]        96.000           [9]               171.000          [21]              128.000          32    
2026-03-17T21:30:27.561:     0:       L physics              4000       1.50400s     [14]        1.56800s     1.64000s     [6]         188.000          [14]              205.000          [6]               196.000          32    
2026-03-17T21:30:27.571:     0:          L radiation         334        9.19760s     [14]        9.67665s     10.25150s    [6]         96.000           [14]              107.000          [6]               101.000          32    
2026-03-17T21:30:27.581:     0:          L microphysics      4000       0.35200s     [2]         0.36800s     0.38400s     [19]        44.000           [2]               48.000           [19]              46.000           32    
2026-03-17T21:30:27.591:     0:    L exch_data.wait          84000      0.01181s     [9]         0.04495s     0.10933s     [21]        31.000           [9]               287.000          [21]              118.000          32    
2026-03-17T21:30:27.601:     0:    L wrt_output              24         50.66667s    [0]         01m09s       01m34s       [4]         38.000           [0]               71.000           [4]               52.000           32    
2026-03-17T21:30:27.611:     0:       L wait_for_async_io    24         16.00000s    [0]         28.00000s    45.33333s    [4]         12.000           [0]               34.000           [4]               21.000           32    
2026-03-17T21:30:27.621:     0:    L coupling                400        3.76000s     [30]        4.08000s     4.48000s     [12]        47.000           [30]              56.000           [12]              51.000           32    
2026-03-17T21:30:27.631:     0:   model_init                 32         01m36s       [5]         01m37s       01m38s       [26]        96.000           [5]               98.000           [26]              97.000           32    
2026-03-17T21:30:27.641:     0:   -----------------------------------------------------------------------------------------------------------------------------------------------------------------------------------------------------------    
2026-03-17T21:30:27.651:     0: 
2026-03-17T21:30:27.701:     0: 
2026-03-17T21:30:27.711:     0: MPICH Slingshot Network Summary: 0 network timeouts
2026-03-17T21:30:27.721:     0: 
2026-03-17T21:30:27.731:     0: MPICH Slingshot CXI Counter Summary:
2026-03-17T21:30:27.741:     0: Counter                                 Samples          Min         (/s)         Mean         (/s)          Max         (/s)
2026-03-17T21:30:27.751:     0: atu_cache_evictions                          16          512          0.4         4110          3.6        61240         53.3
2026-03-17T21:30:27.761:     0: atu_cache_hit_base_page_size_0               16    812340991     706383.5   1188402699    1033393.7   1774109056    1542703.5
2026-03-17T21:30:27.771:     0: lpe_net_match_priority_0                     16       904695        786.7      1960940       1705.2      2979960       2591.3
2026-03-17T21:30:27.781:     0: lpe_rndzv_puts_0                             16       536681        466.7      1465215       1274.1      2409976       2095.6
2026-03-17T21:30:27.791:     0: hni_rx_paused_0                              16       371553        323.1      1960270       1704.6      5466732       4753.7
2026-03-17T21:30:27.801:     0: hni_rx_paused_1                              16       585581        509.2     10845694       9431.0    198910058     172965.3
2026-03-17T21:30:27.811:     0: hni_tx_paused_0                              16         4267          3.7        93516         81.3       682011        593.1
2026-03-17T21:30:27.821:     0: rh:nacks                                     16            5          0.0           25          0.0           85          0.1
2026-03-17T21:30:27.831:     0: rh:nack_sequence_error                       16            4          0.0           24          0.0           84          0.1
2026-03-17T21:30:27.841:     0: 
2026-03-17T21:30:27.851:     0: Computed Ratios                              Min   Mean    Max
2026-03-17T21:30:27.861:     0: PCIe posted (write) blocked cycles/pkt       0.4    0.9    2.1
2026-03-17T21:30:27.871:     0: PCIe non-posted (read) blocked cycles/pkt    0.0    0.1    0.3
2026-03-17T21:30:28.271:     0:  clean-up finished
2026-03-17T21:30:29.471: + srun_status=0
2026-03-17T21:30:29.571: Script run successfully: atmo=OK ocean=OK
